task_name,s_time,e_time,diff_time,seconds
LOAD,2014-11-06 01:16:07.77907,2014-11-06 01:29:51.543858,00:13:43.764788,823.764788
PERF,2014-11-06 01:29:51.563992,,,
PERF.POWER,2014-11-06 01:29:55.35725,2014-11-06 01:42:48.03337,00:12:52.67612,772.67612
PERF.POWER.Q1,2014-11-06 01:38:19.052551,2014-11-06 01:39:38.471041,00:01:19.41849,79.41849
PERF.POWER.Q10,2014-11-06 01:39:38.493322,2014-11-06 01:40:01.887009,00:00:23.393687,23.393687
PERF.POWER.Q11,2014-11-06 01:38:00.734646,2014-11-06 01:38:03.630595,00:00:02.895949,2.895949
PERF.POWER.Q12,2014-11-06 01:41:47.917927,2014-11-06 01:42:11.046954,00:00:23.129027,23.129027
PERF.POWER.Q13,2014-11-06 01:35:12.673321,2014-11-06 01:35:44.590968,00:00:31.917647,31.917647
PERF.POWER.Q14,2014-11-06 01:30:09.589329,2014-11-06 01:30:17.416962,00:00:07.827633,7.827633
PERF.POWER.Q15,2014-11-06 01:38:03.653657,2014-11-06 01:38:19.028149,00:00:15.374492,15.374492
PERF.POWER.Q16,2014-11-06 01:36:31.783202,2014-11-06 01:37:06.941471,00:00:35.158269,35.158269
PERF.POWER.Q17,2014-11-06 01:32:30.038024,2014-11-06 01:32:30.475536,00:00:00.437512,0.437512
PERF.POWER.Q18,2014-11-06 01:32:30.49627,2014-11-06 01:33:43.527948,00:01:13.031678,73.031678
PERF.POWER.Q19,2014-11-06 01:40:01.910484,2014-11-06 01:40:02.74332,00:00:00.832836,0.832836
PERF.POWER.Q2,2014-11-06 01:30:17.438958,2014-11-06 01:30:23.959631,00:00:06.520673,6.520673
PERF.POWER.Q20,2014-11-06 01:32:06.529012,2014-11-06 01:32:15.056293,00:00:08.527281,8.527281
PERF.POWER.Q21,2014-11-06 01:33:56.575905,2014-11-06 01:35:12.649162,00:01:16.073257,76.073257
PERF.POWER.Q22,2014-11-06 01:36:22.494881,2014-11-06 01:36:31.762359,00:00:09.267478,9.267478
PERF.POWER.Q3,2014-11-06 01:35:44.614948,2014-11-06 01:36:22.472938,00:00:37.85799,37.85799
PERF.POWER.Q4,2014-11-06 01:37:06.963437,2014-11-06 01:38:00.710244,00:00:53.746807,53.746807
PERF.POWER.Q5,2014-11-06 01:40:02.764631,2014-11-06 01:41:04.723442,00:01:01.958811,61.958811
PERF.POWER.Q6,2014-11-06 01:32:15.078188,2014-11-06 01:32:30.014575,00:00:14.936387,14.936387
PERF.POWER.Q7,2014-11-06 01:41:04.744485,2014-11-06 01:41:47.893608,00:00:43.149123,43.149123
PERF.POWER.Q8,2014-11-06 01:33:43.54931,2014-11-06 01:33:56.554719,00:00:13.005409,13.005409
PERF.POWER.Q9,2014-11-06 01:30:23.982522,2014-11-06 01:32:06.508286,00:01:42.525764,102.525764
PERF.POWER.RF1,2014-11-06 01:29:55.372158,2014-11-06 01:30:09.563127,00:00:14.190969,14.190969
PERF.POWER.RF2,2014-11-06 01:42:11.064691,2014-11-06 01:42:48.016161,00:00:36.95147,36.95147
PERF.THRUPUT,2014-11-06 01:42:52.093298,2014-11-06 02:04:05.686546,00:21:13.593248,1273.593248
PERF.THRUPUT.QS1.ALL,2014-11-06 01:42:52.715589,2014-11-06 02:03:35.750973,00:20:43.035384,1243.035384
PERF.THRUPUT.QS1.Q1,2014-11-06 02:00:11.801924,2014-11-06 02:02:03.399094,00:01:51.59717,111.59717
PERF.THRUPUT.QS1.Q10,2014-11-06 01:54:37.319103,2014-11-06 01:55:06.579625,00:00:29.260522,29.260522
PERF.THRUPUT.QS1.Q11,2014-11-06 01:49:28.901895,2014-11-06 01:49:34.354173,00:00:05.452278,5.452278
PERF.THRUPUT.QS1.Q12,2014-11-06 01:51:31.965335,2014-11-06 01:52:11.477212,00:00:39.511877,39.511877
PERF.THRUPUT.QS1.Q13,2014-11-06 01:53:31.124693,2014-11-06 01:54:37.301245,00:01:06.176552,66.176552
PERF.THRUPUT.QS1.Q14,2014-11-06 01:55:45.599689,2014-11-06 01:55:59.332862,00:00:13.733173,13.733173
PERF.THRUPUT.QS1.Q15,2014-11-06 01:52:57.742611,2014-11-06 01:53:31.108645,00:00:33.366034,33.366034
PERF.THRUPUT.QS1.Q16,2014-11-06 01:52:11.491674,2014-11-06 01:52:57.728511,00:00:46.236837,46.236837
PERF.THRUPUT.QS1.Q17,2014-11-06 01:51:30.946692,2014-11-06 01:51:31.946099,00:00:00.999407,0.999407
PERF.THRUPUT.QS1.Q18,2014-11-06 01:46:20.069995,2014-11-06 01:48:16.824739,00:01:56.754744,116.754744
PERF.THRUPUT.QS1.Q19,2014-11-06 01:55:59.34798,2014-11-06 01:56:01.111542,00:00:01.763562,1.763562
PERF.THRUPUT.QS1.Q2,2014-11-06 01:55:06.596213,2014-11-06 01:55:17.066948,00:00:10.470735,10.470735
PERF.THRUPUT.QS1.Q20,2014-11-06 01:51:18.007216,2014-11-06 01:51:30.930993,00:00:12.923777,12.923777
PERF.THRUPUT.QS1.Q21,2014-11-06 01:42:52.727781,2014-11-06 01:45:04.829508,00:02:12.101727,132.101727
PERF.THRUPUT.QS1.Q22,2014-11-06 01:59:58.344845,2014-11-06 02:00:11.785789,00:00:13.440944,13.440944
PERF.THRUPUT.QS1.Q3,2014-11-06 01:45:04.841292,2014-11-06 01:46:20.054165,00:01:15.212873,75.212873
PERF.THRUPUT.QS1.Q4,2014-11-06 02:02:03.44679,2014-11-06 02:03:35.741205,00:01:32.294415,92.294415
PERF.THRUPUT.QS1.Q5,2014-11-06 01:48:16.840626,2014-11-06 01:49:28.889258,00:01:12.048632,72.048632
PERF.THRUPUT.QS1.Q6,2014-11-06 01:50:54.754902,2014-11-06 01:51:17.993034,00:00:23.238132,23.238132
PERF.THRUPUT.QS1.Q7,2014-11-06 01:49:34.368893,2014-11-06 01:50:54.710681,00:01:20.341788,80.341788
PERF.THRUPUT.QS1.Q8,2014-11-06 01:55:17.079919,2014-11-06 01:55:45.581483,00:00:28.501564,28.501564
PERF.THRUPUT.QS1.Q9,2014-11-06 01:56:01.12683,2014-11-06 01:59:58.327143,00:03:57.200313,237.200313
PERF.THRUPUT.QS10.ALL,2014-11-06 01:42:52.769775,2014-11-06 02:04:05.670011,00:21:12.900236,1272.900236
PERF.THRUPUT.QS10.Q1,2014-11-06 01:46:26.494492,2014-11-06 01:48:23.898206,00:01:57.403714,117.403714
PERF.THRUPUT.QS10.Q10,2014-11-06 01:53:40.41548,2014-11-06 01:54:13.614256,00:00:33.198776,33.198776
PERF.THRUPUT.QS10.Q11,2014-11-06 02:00:53.122392,2014-11-06 02:00:56.833366,00:00:03.710974,3.710974
PERF.THRUPUT.QS10.Q12,2014-11-06 01:45:46.048012,2014-11-06 01:46:26.400475,00:00:40.352463,40.352463
PERF.THRUPUT.QS10.Q13,2014-11-06 01:50:17.455833,2014-11-06 01:51:22.273589,00:01:04.817756,64.817756
PERF.THRUPUT.QS10.Q14,2014-11-06 01:54:13.634012,2014-11-06 01:54:25.227438,00:00:11.593426,11.593426
PERF.THRUPUT.QS10.Q15,2014-11-06 01:43:20.233515,2014-11-06 01:43:43.73118,00:00:23.497665,23.497665
PERF.THRUPUT.QS10.Q16,2014-11-06 01:59:52.398869,2014-11-06 02:00:35.946977,00:00:43.548108,43.548108
PERF.THRUPUT.QS10.Q17,2014-11-06 01:45:45.2045,2014-11-06 01:45:46.032505,00:00:00.828005,0.828005
PERF.THRUPUT.QS10.Q18,2014-11-06 01:43:43.743956,2014-11-06 01:45:45.189621,00:02:01.445665,121.445665
PERF.THRUPUT.QS10.Q19,2014-11-06 02:00:51.400999,2014-11-06 02:00:53.105161,00:00:01.704162,1.704162
PERF.THRUPUT.QS10.Q2,2014-11-06 01:49:46.949106,2014-11-06 01:50:00.17541,00:00:13.226304,13.226304
PERF.THRUPUT.QS10.Q20,2014-11-06 02:00:35.963069,2014-11-06 02:00:51.385261,00:00:15.422192,15.422192
PERF.THRUPUT.QS10.Q21,2014-11-06 01:51:22.293375,2014-11-06 01:53:40.400824,00:02:18.107449,138.107449
PERF.THRUPUT.QS10.Q22,2014-11-06 01:50:00.192726,2014-11-06 01:50:17.439629,00:00:17.246903,17.246903
PERF.THRUPUT.QS10.Q3,2014-11-06 01:58:34.079524,2014-11-06 01:59:52.385834,00:01:18.30631,78.30631
PERF.THRUPUT.QS10.Q4,2014-11-06 02:00:56.935476,2014-11-06 02:02:27.75543,00:01:30.819954,90.819954
PERF.THRUPUT.QS10.Q5,2014-11-06 02:02:58.82127,2014-11-06 02:04:05.655839,00:01:06.834569,66.834569
PERF.THRUPUT.QS10.Q6,2014-11-06 01:42:52.785159,2014-11-06 01:43:20.221065,00:00:27.435906,27.435906
PERF.THRUPUT.QS10.Q7,2014-11-06 01:48:23.918156,2014-11-06 01:49:46.935897,00:01:23.017741,83.017741
PERF.THRUPUT.QS10.Q8,2014-11-06 02:02:27.773651,2014-11-06 02:02:58.806365,00:00:31.032714,31.032714
PERF.THRUPUT.QS10.Q9,2014-11-06 01:54:25.243579,2014-11-06 01:58:34.062402,00:04:08.818823,248.818823
PERF.THRUPUT.QS11.ALL,2014-11-06 01:42:52.780515,2014-11-06 02:03:46.585061,00:20:53.804546,1253.804546
PERF.THRUPUT.QS11.Q1,2014-11-06 01:47:13.705864,2014-11-06 01:49:04.984172,00:01:51.278308,111.278308
PERF.THRUPUT.QS11.Q10,2014-11-06 01:45:33.363149,2014-11-06 01:46:03.371558,00:00:30.008409,30.008409
PERF.THRUPUT.QS11.Q11,2014-11-06 01:47:07.599807,2014-11-06 01:47:13.687437,00:00:06.08763,6.08763
PERF.THRUPUT.QS11.Q12,2014-11-06 01:52:33.732948,2014-11-06 01:53:07.387663,00:00:33.654715,33.654715
PERF.THRUPUT.QS11.Q13,2014-11-06 02:00:53.127502,2014-11-06 02:02:00.207959,00:01:07.080457,67.080457
PERF.THRUPUT.QS11.Q14,2014-11-06 01:43:21.915044,2014-11-06 01:43:31.055601,00:00:09.140557,9.140557
PERF.THRUPUT.QS11.Q15,2014-11-06 01:42:52.792809,2014-11-06 01:43:21.901735,00:00:29.108926,29.108926
PERF.THRUPUT.QS11.Q16,2014-11-06 01:46:20.015056,2014-11-06 01:47:07.58182,00:00:47.566764,47.566764
PERF.THRUPUT.QS11.Q17,2014-11-06 01:45:32.290148,2014-11-06 01:45:33.350366,00:00:01.060218,1.060218
PERF.THRUPUT.QS11.Q18,2014-11-06 01:43:31.0684,2014-11-06 01:45:32.275671,00:02:01.207271,121.207271
PERF.THRUPUT.QS11.Q19,2014-11-06 02:02:28.09401,2014-11-06 02:02:29.846387,00:00:01.752377,1.752377
PERF.THRUPUT.QS11.Q2,2014-11-06 02:00:42.189502,2014-11-06 02:00:53.115298,00:00:10.925796,10.925796
PERF.THRUPUT.QS11.Q20,2014-11-06 01:46:03.424508,2014-11-06 01:46:19.997421,00:00:16.572913,16.572913
PERF.THRUPUT.QS11.Q21,2014-11-06 01:58:33.327737,2014-11-06 02:00:42.175602,00:02:08.847865,128.847865
PERF.THRUPUT.QS11.Q22,2014-11-06 01:51:03.249971,2014-11-06 01:51:17.634093,00:00:14.384122,14.384122
PERF.THRUPUT.QS11.Q3,2014-11-06 01:53:07.401168,2014-11-06 01:54:25.78329,00:01:18.382122,78.382122
PERF.THRUPUT.QS11.Q4,2014-11-06 01:49:33.754757,2014-11-06 01:51:03.233264,00:01:29.478507,89.478507
PERF.THRUPUT.QS11.Q5,2014-11-06 01:51:17.64931,2014-11-06 01:52:33.719901,00:01:16.070591,76.070591
PERF.THRUPUT.QS11.Q6,2014-11-06 02:02:00.224852,2014-11-06 02:02:28.075263,00:00:27.850411,27.850411
PERF.THRUPUT.QS11.Q7,2014-11-06 02:02:29.863908,2014-11-06 02:03:46.573451,00:01:16.709543,76.709543
PERF.THRUPUT.QS11.Q8,2014-11-06 01:49:05.00633,2014-11-06 01:49:33.738728,00:00:28.732398,28.732398
PERF.THRUPUT.QS11.Q9,2014-11-06 01:54:25.800216,2014-11-06 01:58:33.281136,00:04:07.48092,247.48092
PERF.THRUPUT.QS12.ALL,2014-11-06 01:42:52.786109,2014-11-06 02:03:13.666155,00:20:20.880046,1220.880046
PERF.THRUPUT.QS12.Q1,2014-11-06 01:42:52.802909,2014-11-06 01:44:41.760054,00:01:48.957145,108.957145
PERF.THRUPUT.QS12.Q10,2014-11-06 02:00:42.797531,2014-11-06 02:01:18.170516,00:00:35.372985,35.372985
PERF.THRUPUT.QS12.Q11,2014-11-06 01:54:24.499711,2014-11-06 01:54:28.214275,00:00:03.714564,3.714564
PERF.THRUPUT.QS12.Q12,2014-11-06 01:49:04.879979,2014-11-06 01:49:39.605967,00:00:34.725988,34.725988
PERF.THRUPUT.QS12.Q13,2014-11-06 01:59:42.099737,2014-11-06 02:00:42.782231,00:01:00.682494,60.682494
PERF.THRUPUT.QS12.Q14,2014-11-06 02:02:33.778291,2014-11-06 02:02:47.236682,00:00:13.458391,13.458391
PERF.THRUPUT.QS12.Q15,2014-11-06 02:02:47.252173,2014-11-06 02:03:13.655843,00:00:26.40367,26.40367
PERF.THRUPUT.QS12.Q16,2014-11-06 01:46:04.428109,2014-11-06 01:46:54.273478,00:00:49.845369,49.845369
PERF.THRUPUT.QS12.Q17,2014-11-06 01:46:54.288006,2014-11-06 01:46:55.368075,00:00:01.080069,1.080069
PERF.THRUPUT.QS12.Q18,2014-11-06 01:46:55.383298,2014-11-06 01:48:49.877298,00:01:54.494,114.494
PERF.THRUPUT.QS12.Q19,2014-11-06 02:01:18.186274,2014-11-06 02:01:19.803934,00:00:01.61766,1.61766
PERF.THRUPUT.QS12.Q2,2014-11-06 01:55:42.552578,2014-11-06 01:55:55.179732,00:00:12.627154,12.627154
PERF.THRUPUT.QS12.Q20,2014-11-06 01:57:08.904534,2014-11-06 01:57:24.61702,00:00:15.712486,15.712486
PERF.THRUPUT.QS12.Q21,2014-11-06 01:57:24.637697,2014-11-06 01:59:42.079484,00:02:17.441787,137.441787
PERF.THRUPUT.QS12.Q22,2014-11-06 01:48:49.892482,2014-11-06 01:49:04.839557,00:00:14.947075,14.947075
PERF.THRUPUT.QS12.Q3,2014-11-06 02:01:19.818384,2014-11-06 02:02:33.760646,00:01:13.942262,73.942262
PERF.THRUPUT.QS12.Q4,2014-11-06 01:54:28.236364,2014-11-06 01:55:42.51925,00:01:14.282886,74.282886
PERF.THRUPUT.QS12.Q5,2014-11-06 01:55:55.196806,2014-11-06 01:57:08.886205,00:01:13.689399,73.689399
PERF.THRUPUT.QS12.Q6,2014-11-06 01:49:39.622435,2014-11-06 01:50:06.267328,00:00:26.644893,26.644893
PERF.THRUPUT.QS12.Q7,2014-11-06 01:44:41.774795,2014-11-06 01:46:04.388454,00:01:22.613659,82.613659
PERF.THRUPUT.QS12.Q8,2014-11-06 01:50:06.282839,2014-11-06 01:50:37.772118,00:00:31.489279,31.489279
PERF.THRUPUT.QS12.Q9,2014-11-06 01:50:37.800525,2014-11-06 01:54:24.482065,00:03:46.68154,226.68154
PERF.THRUPUT.QS13.ALL,2014-11-06 01:42:52.77749,2014-11-06 02:03:15.152563,00:20:22.375073,1222.375073
PERF.THRUPUT.QS13.Q1,2014-11-06 01:47:46.858288,2014-11-06 01:49:39.694492,00:01:52.836204,112.836204
PERF.THRUPUT.QS13.Q10,2014-11-06 01:49:39.708063,2014-11-06 01:50:11.017397,00:00:31.309334,31.309334
PERF.THRUPUT.QS13.Q11,2014-11-06 01:55:47.733793,2014-11-06 01:55:51.403386,00:00:03.669593,3.669593
PERF.THRUPUT.QS13.Q12,2014-11-06 01:50:11.032464,2014-11-06 01:50:47.557646,00:00:36.525182,36.525182
PERF.THRUPUT.QS13.Q13,2014-11-06 01:59:43.051584,2014-11-06 02:00:43.55804,00:01:00.506456,60.506456
PERF.THRUPUT.QS13.Q14,2014-11-06 01:58:40.780832,2014-11-06 01:58:55.46532,00:00:14.684488,14.684488
PERF.THRUPUT.QS13.Q15,2014-11-06 02:02:44.882369,2014-11-06 02:03:13.655754,00:00:28.773385,28.773385
PERF.THRUPUT.QS13.Q16,2014-11-06 01:54:42.425675,2014-11-06 01:55:25.293024,00:00:42.867349,42.867349
PERF.THRUPUT.QS13.Q17,2014-11-06 01:45:04.843082,2014-11-06 01:45:06.021065,00:00:01.177983,1.177983
PERF.THRUPUT.QS13.Q18,2014-11-06 02:00:43.572068,2014-11-06 02:02:44.865669,00:02:01.293601,121.293601
PERF.THRUPUT.QS13.Q19,2014-11-06 02:03:13.670925,2014-11-06 02:03:15.14205,00:00:01.471125,1.471125
PERF.THRUPUT.QS13.Q2,2014-11-06 01:55:51.420236,2014-11-06 01:56:02.607821,00:00:11.187585,11.187585
PERF.THRUPUT.QS13.Q20,2014-11-06 01:59:26.940209,2014-11-06 01:59:43.032559,00:00:16.09235,16.09235
PERF.THRUPUT.QS13.Q21,2014-11-06 01:42:52.78951,2014-11-06 01:45:04.831498,00:02:12.041988,132.041988
PERF.THRUPUT.QS13.Q22,2014-11-06 01:50:47.572627,2014-11-06 01:51:02.101882,00:00:14.529255,14.529255
PERF.THRUPUT.QS13.Q3,2014-11-06 01:46:29.701043,2014-11-06 01:47:46.839857,00:01:17.138814,77.138814
PERF.THRUPUT.QS13.Q4,2014-11-06 01:56:02.627011,2014-11-06 01:57:22.469873,00:01:19.842862,79.842862
PERF.THRUPUT.QS13.Q5,2014-11-06 01:57:22.494459,2014-11-06 01:58:40.764763,00:01:18.270304,78.270304
PERF.THRUPUT.QS13.Q6,2014-11-06 01:55:25.310216,2014-11-06 01:55:47.716027,00:00:22.405811,22.405811
PERF.THRUPUT.QS13.Q7,2014-11-06 01:45:06.041379,2014-11-06 01:46:29.683136,00:01:23.641757,83.641757
PERF.THRUPUT.QS13.Q8,2014-11-06 01:58:55.481448,2014-11-06 01:59:26.923283,00:00:31.441835,31.441835
PERF.THRUPUT.QS13.Q9,2014-11-06 01:51:02.118862,2014-11-06 01:54:42.406081,00:03:40.287219,220.287219
PERF.THRUPUT.QS14.ALL,2014-11-06 01:42:52.725477,2014-11-06 02:03:33.351595,00:20:40.626118,1240.626118
PERF.THRUPUT.QS14.Q1,2014-11-06 01:51:49.135513,2014-11-06 01:53:37.394119,00:01:48.258606,108.258606
PERF.THRUPUT.QS14.Q10,2014-11-06 02:00:46.636998,2014-11-06 02:01:21.395399,00:00:34.758401,34.758401
PERF.THRUPUT.QS14.Q11,2014-11-06 02:00:43.16572,2014-11-06 02:00:46.619463,00:00:03.453743,3.453743
PERF.THRUPUT.QS14.Q12,2014-11-06 02:02:39.054635,2014-11-06 02:03:13.512535,00:00:34.4579,34.4579
PERF.THRUPUT.QS14.Q13,2014-11-06 01:58:47.214898,2014-11-06 01:59:50.641149,00:01:03.426251,63.426251
PERF.THRUPUT.QS14.Q14,2014-11-06 01:59:50.661804,2014-11-06 02:00:02.090582,00:00:11.428778,11.428778
PERF.THRUPUT.QS14.Q15,2014-11-06 01:53:52.111168,2014-11-06 01:54:23.19471,00:00:31.083542,31.083542
PERF.THRUPUT.QS14.Q16,2014-11-06 01:54:23.209176,2014-11-06 01:55:06.301154,00:00:43.091978,43.091978
PERF.THRUPUT.QS14.Q17,2014-11-06 01:55:06.316353,2014-11-06 01:55:07.282433,00:00:00.96608,0.96608
PERF.THRUPUT.QS14.Q18,2014-11-06 01:49:47.899821,2014-11-06 01:51:49.112356,00:02:01.212535,121.212535
PERF.THRUPUT.QS14.Q19,2014-11-06 02:00:02.104938,2014-11-06 02:00:03.504063,00:00:01.399125,1.399125
PERF.THRUPUT.QS14.Q2,2014-11-06 01:42:52.741732,2014-11-06 01:43:06.82535,00:00:14.083618,14.083618
PERF.THRUPUT.QS14.Q20,2014-11-06 01:53:37.408277,2014-11-06 01:53:52.092246,00:00:14.683969,14.683969
PERF.THRUPUT.QS14.Q21,2014-11-06 01:56:33.219756,2014-11-06 01:58:47.200817,00:02:13.981061,133.981061
PERF.THRUPUT.QS14.Q22,2014-11-06 02:00:27.419482,2014-11-06 02:00:43.148571,00:00:15.729089,15.729089
PERF.THRUPUT.QS14.Q3,2014-11-06 02:01:21.410263,2014-11-06 02:02:39.014457,00:01:17.604194,77.604194
PERF.THRUPUT.QS14.Q4,2014-11-06 01:48:25.9226,2014-11-06 01:49:47.883067,00:01:21.960467,81.960467
PERF.THRUPUT.QS14.Q5,2014-11-06 01:47:06.599226,2014-11-06 01:48:25.907257,00:01:19.308031,79.308031
PERF.THRUPUT.QS14.Q6,2014-11-06 02:03:13.52934,2014-11-06 02:03:33.341071,00:00:19.811731,19.811731
PERF.THRUPUT.QS14.Q7,2014-11-06 01:55:07.301024,2014-11-06 01:56:33.202151,00:01:25.901127,85.901127
PERF.THRUPUT.QS14.Q8,2014-11-06 02:00:03.518022,2014-11-06 02:00:27.407288,00:00:23.889266,23.889266
PERF.THRUPUT.QS14.Q9,2014-11-06 01:43:06.86462,2014-11-06 01:47:06.58474,00:03:59.72012,239.72012
PERF.THRUPUT.QS2.ALL,2014-11-06 01:42:52.775316,2014-11-06 02:03:52.223722,00:20:59.448406,1259.448406
PERF.THRUPUT.QS2.Q1,2014-11-06 01:56:41.367125,2014-11-06 01:58:41.537149,00:02:00.170024,120.170024
PERF.THRUPUT.QS2.Q10,2014-11-06 01:44:19.740457,2014-11-06 01:44:57.306574,00:00:37.566117,37.566117
PERF.THRUPUT.QS2.Q11,2014-11-06 02:01:36.508614,2014-11-06 02:01:41.532213,00:00:05.023599,5.023599
PERF.THRUPUT.QS2.Q12,2014-11-06 01:51:44.021393,2014-11-06 01:52:20.511973,00:00:36.49058,36.49058
PERF.THRUPUT.QS2.Q13,2014-11-06 01:53:45.924308,2014-11-06 01:54:46.676257,00:01:00.751949,60.751949
PERF.THRUPUT.QS2.Q14,2014-11-06 01:43:20.954393,2014-11-06 01:43:31.0765,00:00:10.122107,10.122107
PERF.THRUPUT.QS2.Q15,2014-11-06 01:49:08.913365,2014-11-06 01:49:37.294975,00:00:28.38161,28.38161
PERF.THRUPUT.QS2.Q16,2014-11-06 01:43:31.090413,2014-11-06 01:44:18.125257,00:00:47.034844,47.034844
PERF.THRUPUT.QS2.Q17,2014-11-06 01:43:20.23479,2014-11-06 01:43:20.941009,00:00:00.706219,0.706219
PERF.THRUPUT.QS2.Q18,2014-11-06 01:54:46.722503,2014-11-06 01:56:41.347321,00:01:54.624818,114.624818
PERF.THRUPUT.QS2.Q19,2014-11-06 01:44:18.139099,2014-11-06 01:44:19.726395,00:00:01.587296,1.587296
PERF.THRUPUT.QS2.Q2,2014-11-06 01:48:56.203094,2014-11-06 01:49:08.891745,00:00:12.688651,12.688651
PERF.THRUPUT.QS2.Q20,2014-11-06 02:00:11.203829,2014-11-06 02:00:22.692749,00:00:11.48892,11.48892
PERF.THRUPUT.QS2.Q21,2014-11-06 02:01:41.547757,2014-11-06 02:03:52.215241,00:02:10.667484,130.667484
PERF.THRUPUT.QS2.Q22,2014-11-06 01:51:26.234864,2014-11-06 01:51:44.005556,00:00:17.770692,17.770692
PERF.THRUPUT.QS2.Q3,2014-11-06 02:00:22.709717,2014-11-06 02:01:36.489931,00:01:13.780214,73.780214
PERF.THRUPUT.QS2.Q4,2014-11-06 01:58:41.555724,2014-11-06 02:00:11.186469,00:01:29.630745,89.630745
PERF.THRUPUT.QS2.Q5,2014-11-06 01:50:08.0222,2014-11-06 01:51:26.220691,00:01:18.198491,78.198491
PERF.THRUPUT.QS2.Q6,2014-11-06 01:42:52.7883,2014-11-06 01:43:20.220417,00:00:27.432117,27.432117
PERF.THRUPUT.QS2.Q7,2014-11-06 01:52:20.527698,2014-11-06 01:53:45.909148,00:01:25.38145,85.38145
PERF.THRUPUT.QS2.Q8,2014-11-06 01:49:37.311627,2014-11-06 01:50:08.006265,00:00:30.694638,30.694638
PERF.THRUPUT.QS2.Q9,2014-11-06 01:44:57.322919,2014-11-06 01:48:56.188571,00:03:58.865652,238.865652
PERF.THRUPUT.QS3.ALL,2014-11-06 01:42:52.752437,2014-11-06 02:03:27.073954,00:20:34.321517,1234.321517
PERF.THRUPUT.QS3.Q1,2014-11-06 01:48:03.068032,2014-11-06 01:49:53.285694,00:01:50.217662,110.217662
PERF.THRUPUT.QS3.Q10,2014-11-06 01:55:57.935697,2014-11-06 01:56:27.058251,00:00:29.122554,29.122554
PERF.THRUPUT.QS3.Q11,2014-11-06 01:57:00.613156,2014-11-06 01:57:05.032773,00:00:04.419617,4.419617
PERF.THRUPUT.QS3.Q12,2014-11-06 02:01:39.100733,2014-11-06 02:02:07.807339,00:00:28.706606,28.706606
PERF.THRUPUT.QS3.Q13,2014-11-06 01:59:48.482992,2014-11-06 02:00:52.926366,00:01:04.443374,64.443374
PERF.THRUPUT.QS3.Q14,2014-11-06 01:52:13.014255,2014-11-06 01:52:24.698952,00:00:11.684697,11.684697
PERF.THRUPUT.QS3.Q15,2014-11-06 01:56:27.074342,2014-11-06 01:57:00.596455,00:00:33.522113,33.522113
PERF.THRUPUT.QS3.Q16,2014-11-06 02:00:52.944137,2014-11-06 02:01:39.077947,00:00:46.13381,46.13381
PERF.THRUPUT.QS3.Q17,2014-11-06 01:46:39.582912,2014-11-06 01:46:40.668037,00:00:01.085125,1.085125
PERF.THRUPUT.QS3.Q18,2014-11-06 01:49:53.326153,2014-11-06 01:51:55.039491,00:02:01.713338,121.713338
PERF.THRUPUT.QS3.Q19,2014-11-06 01:59:46.884204,2014-11-06 01:59:48.464129,00:00:01.579925,1.579925
PERF.THRUPUT.QS3.Q2,2014-11-06 01:57:19.984722,2014-11-06 01:57:33.64639,00:00:13.661668,13.661668
PERF.THRUPUT.QS3.Q20,2014-11-06 01:57:05.049316,2014-11-06 01:57:19.962601,00:00:14.913285,14.913285
PERF.THRUPUT.QS3.Q21,2014-11-06 01:57:33.658743,2014-11-06 01:59:46.868975,00:02:13.210232,133.210232
PERF.THRUPUT.QS3.Q22,2014-11-06 01:51:55.056834,2014-11-06 01:52:12.998206,00:00:17.941372,17.941372
PERF.THRUPUT.QS3.Q3,2014-11-06 02:02:07.830232,2014-11-06 02:03:27.063433,00:01:19.233201,79.233201
PERF.THRUPUT.QS3.Q4,2014-11-06 01:44:41.036396,2014-11-06 01:46:12.250275,00:01:31.213879,91.213879
PERF.THRUPUT.QS3.Q5,2014-11-06 01:43:18.559187,2014-11-06 01:44:41.020791,00:01:22.461604,82.461604
PERF.THRUPUT.QS3.Q6,2014-11-06 01:46:12.263208,2014-11-06 01:46:39.56835,00:00:27.305142,27.305142
PERF.THRUPUT.QS3.Q7,2014-11-06 01:46:40.691434,2014-11-06 01:48:03.052375,00:01:22.360941,82.360941
PERF.THRUPUT.QS3.Q8,2014-11-06 01:42:52.765414,2014-11-06 01:43:18.546279,00:00:25.780865,25.780865
PERF.THRUPUT.QS3.Q9,2014-11-06 01:52:24.713561,2014-11-06 01:55:57.919357,00:03:33.205796,213.205796
PERF.THRUPUT.QS4.ALL,2014-11-06 01:42:52.77269,2014-11-06 02:03:50.952556,00:20:58.179866,1258.179866
PERF.THRUPUT.QS4.Q1,2014-11-06 01:57:50.553888,2014-11-06 01:59:47.731291,00:01:57.177403,117.177403
PERF.THRUPUT.QS4.Q10,2014-11-06 01:55:15.906973,2014-11-06 01:55:49.022679,00:00:33.115706,33.115706
PERF.THRUPUT.QS4.Q11,2014-11-06 01:55:00.379786,2014-11-06 01:55:04.74058,00:00:04.360794,4.360794
PERF.THRUPUT.QS4.Q12,2014-11-06 01:47:19.001891,2014-11-06 01:47:55.990329,00:00:36.988438,36.988438
PERF.THRUPUT.QS4.Q13,2014-11-06 01:59:47.745814,2014-11-06 02:00:52.436557,00:01:04.690743,64.690743
PERF.THRUPUT.QS4.Q14,2014-11-06 01:46:31.829455,2014-11-06 01:46:43.460489,00:00:11.631034,11.631034
PERF.THRUPUT.QS4.Q15,2014-11-06 01:46:45.029647,2014-11-06 01:47:17.79315,00:00:32.763503,32.763503
PERF.THRUPUT.QS4.Q16,2014-11-06 01:54:15.133968,2014-11-06 01:55:00.362155,00:00:45.228187,45.228187
PERF.THRUPUT.QS4.Q17,2014-11-06 01:47:17.809323,2014-11-06 01:47:18.987211,00:00:01.177888,1.177888
PERF.THRUPUT.QS4.Q18,2014-11-06 01:55:49.039991,2014-11-06 01:57:50.530813,00:02:01.490822,121.490822
PERF.THRUPUT.QS4.Q19,2014-11-06 01:46:43.475211,2014-11-06 01:46:45.015283,00:00:01.540072,1.540072
PERF.THRUPUT.QS4.Q2,2014-11-06 01:55:04.756189,2014-11-06 01:55:15.889802,00:00:11.133613,11.133613
PERF.THRUPUT.QS4.Q20,2014-11-06 02:03:41.940114,2014-11-06 02:03:50.9421,00:00:09.001986,9.001986
PERF.THRUPUT.QS4.Q21,2014-11-06 01:44:03.79754,2014-11-06 01:46:31.817625,00:02:28.020085,148.020085
PERF.THRUPUT.QS4.Q22,2014-11-06 02:02:15.851623,2014-11-06 02:02:32.487804,00:00:16.636181,16.636181
PERF.THRUPUT.QS4.Q3,2014-11-06 02:02:32.504679,2014-11-06 02:03:41.924737,00:01:09.420058,69.420058
PERF.THRUPUT.QS4.Q4,2014-11-06 01:48:22.270969,2014-11-06 01:49:47.820171,00:01:25.549202,85.549202
PERF.THRUPUT.QS4.Q5,2014-11-06 01:42:52.787892,2014-11-06 01:44:03.78169,00:01:10.993798,70.993798
PERF.THRUPUT.QS4.Q6,2014-11-06 01:47:56.006412,2014-11-06 01:48:22.252049,00:00:26.245637,26.245637
PERF.THRUPUT.QS4.Q7,2014-11-06 02:00:52.454289,2014-11-06 02:02:15.833761,00:01:23.379472,83.379472
PERF.THRUPUT.QS4.Q8,2014-11-06 01:53:46.153952,2014-11-06 01:54:15.118827,00:00:28.964875,28.964875
PERF.THRUPUT.QS4.Q9,2014-11-06 01:49:47.835288,2014-11-06 01:53:46.10633,00:03:58.271042,238.271042
PERF.THRUPUT.QS5.ALL,2014-11-06 01:42:52.784732,2014-11-06 02:03:53.520048,00:21:00.735316,1260.735316
PERF.THRUPUT.QS5.Q1,2014-11-06 01:54:34.279653,2014-11-06 01:56:26.971822,00:01:52.692169,112.692169
PERF.THRUPUT.QS5.Q10,2014-11-06 01:59:14.718973,2014-11-06 01:59:52.004498,00:00:37.285525,37.285525
PERF.THRUPUT.QS5.Q11,2014-11-06 01:52:09.166876,2014-11-06 01:52:14.663004,00:00:05.496128,5.496128
PERF.THRUPUT.QS5.Q12,2014-11-06 01:58:39.501002,2014-11-06 01:59:13.31804,00:00:33.817038,33.817038
PERF.THRUPUT.QS5.Q13,2014-11-06 01:52:14.688154,2014-11-06 01:53:18.760498,00:01:04.072344,64.072344
PERF.THRUPUT.QS5.Q14,2014-11-06 01:51:40.369961,2014-11-06 01:51:51.259297,00:00:10.889336,10.889336
PERF.THRUPUT.QS5.Q15,2014-11-06 01:45:04.890442,2014-11-06 01:45:34.944694,00:00:30.054252,30.054252
PERF.THRUPUT.QS5.Q16,2014-11-06 01:48:55.177388,2014-11-06 01:49:39.845488,00:00:44.6681,44.6681
PERF.THRUPUT.QS5.Q17,2014-11-06 01:59:13.337536,2014-11-06 01:59:14.702387,00:00:01.364851,1.364851
PERF.THRUPUT.QS5.Q18,2014-11-06 01:49:41.852399,2014-11-06 01:51:40.351578,00:01:58.499179,118.499179
PERF.THRUPUT.QS5.Q19,2014-11-06 01:49:39.868289,2014-11-06 01:49:41.836273,00:00:01.967984,1.967984
PERF.THRUPUT.QS5.Q2,2014-11-06 01:56:26.988502,2014-11-06 01:56:40.584452,00:00:13.59595,13.59595
PERF.THRUPUT.QS5.Q20,2014-11-06 01:58:25.668813,2014-11-06 01:58:39.48518,00:00:13.816367,13.816367
PERF.THRUPUT.QS5.Q21,2014-11-06 01:42:52.796769,2014-11-06 01:45:04.873474,00:02:12.076705,132.076705
PERF.THRUPUT.QS5.Q22,2014-11-06 01:51:51.276136,2014-11-06 01:52:09.150261,00:00:17.874125,17.874125
PERF.THRUPUT.QS5.Q3,2014-11-06 01:53:18.781673,2014-11-06 01:54:34.262953,00:01:15.48128,75.48128
PERF.THRUPUT.QS5.Q4,2014-11-06 01:45:34.959226,2014-11-06 01:47:02.63842,00:01:27.679194,87.679194
PERF.THRUPUT.QS5.Q5,2014-11-06 01:56:40.599889,2014-11-06 01:57:58.906109,00:01:18.30622,78.30622
PERF.THRUPUT.QS5.Q6,2014-11-06 01:47:02.652633,2014-11-06 01:47:30.922994,00:00:28.270361,28.270361
PERF.THRUPUT.QS5.Q7,2014-11-06 01:47:30.938842,2014-11-06 01:48:55.16489,00:01:24.226048,84.226048
PERF.THRUPUT.QS5.Q8,2014-11-06 01:57:58.957411,2014-11-06 01:58:25.653794,00:00:26.696383,26.696383
PERF.THRUPUT.QS5.Q9,2014-11-06 01:59:52.020864,2014-11-06 02:03:53.506129,00:04:01.485265,241.485265
PERF.THRUPUT.QS6.ALL,2014-11-06 01:42:52.731954,2014-11-06 02:03:33.101737,00:20:40.369783,1240.369783
PERF.THRUPUT.QS6.Q1,2014-11-06 01:56:26.042198,2014-11-06 01:58:23.452416,00:01:57.410218,117.410218
PERF.THRUPUT.QS6.Q10,2014-11-06 01:42:52.746372,2014-11-06 01:43:22.521435,00:00:29.775063,29.775063
PERF.THRUPUT.QS6.Q11,2014-11-06 01:53:48.130667,2014-11-06 01:53:53.915916,00:00:05.785249,5.785249
PERF.THRUPUT.QS6.Q12,2014-11-06 01:55:48.476832,2014-11-06 01:56:26.02526,00:00:37.548428,37.548428
PERF.THRUPUT.QS6.Q13,2014-11-06 01:45:14.169415,2014-11-06 01:46:21.144555,00:01:06.97514,66.97514
PERF.THRUPUT.QS6.Q14,2014-11-06 02:00:45.604523,2014-11-06 02:00:58.674052,00:00:13.069529,13.069529
PERF.THRUPUT.QS6.Q15,2014-11-06 01:44:40.162446,2014-11-06 01:45:14.155213,00:00:33.992767,33.992767
PERF.THRUPUT.QS6.Q16,2014-11-06 01:59:44.191284,2014-11-06 02:00:31.209518,00:00:47.018234,47.018234
PERF.THRUPUT.QS6.Q17,2014-11-06 02:01:14.775723,2014-11-06 02:01:15.771689,00:00:00.995966,0.995966
PERF.THRUPUT.QS6.Q18,2014-11-06 01:54:09.275653,2014-11-06 01:55:48.460075,00:01:39.184422,99.184422
PERF.THRUPUT.QS6.Q19,2014-11-06 02:00:58.691198,2014-11-06 02:01:00.211162,00:00:01.519964,1.519964
PERF.THRUPUT.QS6.Q2,2014-11-06 02:00:31.220154,2014-11-06 02:00:45.589234,00:00:14.36908,14.36908
PERF.THRUPUT.QS6.Q20,2014-11-06 02:01:00.233235,2014-11-06 02:01:14.756639,00:00:14.523404,14.523404
PERF.THRUPUT.QS6.Q21,2014-11-06 02:01:15.788019,2014-11-06 02:03:33.092841,00:02:17.304822,137.304822
PERF.THRUPUT.QS6.Q22,2014-11-06 01:53:53.939056,2014-11-06 01:54:09.261481,00:00:15.322425,15.322425
PERF.THRUPUT.QS6.Q3,2014-11-06 01:43:22.538005,2014-11-06 01:44:40.148413,00:01:17.610408,77.610408
PERF.THRUPUT.QS6.Q4,2014-11-06 01:52:25.815834,2014-11-06 01:53:48.113924,00:01:22.29809,82.29809
PERF.THRUPUT.QS6.Q5,2014-11-06 01:58:23.467361,2014-11-06 01:59:44.177755,00:01:20.710394,80.710394
PERF.THRUPUT.QS6.Q6,2014-11-06 01:46:21.161119,2014-11-06 01:46:46.90492,00:00:25.743801,25.743801
PERF.THRUPUT.QS6.Q7,2014-11-06 01:51:05.703733,2014-11-06 01:52:25.805028,00:01:20.101295,80.101295
PERF.THRUPUT.QS6.Q8,2014-11-06 01:46:46.919782,2014-11-06 01:47:15.98577,00:00:29.065988,29.065988
PERF.THRUPUT.QS6.Q9,2014-11-06 01:47:16.001621,2014-11-06 01:51:05.688632,00:03:49.687011,229.687011
PERF.THRUPUT.QS7.ALL,2014-11-06 01:42:52.74371,2014-11-06 02:03:33.2835,00:20:40.53979,1240.53979
PERF.THRUPUT.QS7.Q1,2014-11-06 01:49:42.784918,2014-11-06 01:51:31.401036,00:01:48.616118,108.616118
PERF.THRUPUT.QS7.Q10,2014-11-06 02:00:22.555186,2014-11-06 02:00:56.645979,00:00:34.090793,34.090793
PERF.THRUPUT.QS7.Q11,2014-11-06 01:51:31.419862,2014-11-06 01:51:37.170671,00:00:05.750809,5.750809
PERF.THRUPUT.QS7.Q12,2014-11-06 02:02:58.937252,2014-11-06 02:03:33.273535,00:00:34.336283,34.336283
PERF.THRUPUT.QS7.Q13,2014-11-06 01:56:38.265884,2014-11-06 01:57:41.958463,00:01:03.692579,63.692579
PERF.THRUPUT.QS7.Q14,2014-11-06 02:02:07.175721,2014-11-06 02:02:23.594602,00:00:16.418881,16.418881
PERF.THRUPUT.QS7.Q15,2014-11-06 02:02:23.633877,2014-11-06 02:02:58.922929,00:00:35.289052,35.289052
PERF.THRUPUT.QS7.Q16,2014-11-06 02:00:56.657262,2014-11-06 02:01:41.941865,00:00:45.284603,45.284603
PERF.THRUPUT.QS7.Q17,2014-11-06 01:49:41.703102,2014-11-06 01:49:42.767975,00:00:01.064873,1.064873
PERF.THRUPUT.QS7.Q18,2014-11-06 01:42:52.758738,2014-11-06 01:44:45.729815,00:01:52.971077,112.971077
PERF.THRUPUT.QS7.Q19,2014-11-06 01:55:15.283977,2014-11-06 01:55:16.888881,00:00:01.604904,1.604904
PERF.THRUPUT.QS7.Q2,2014-11-06 01:47:51.890739,2014-11-06 01:48:05.38205,00:00:13.491311,13.491311
PERF.THRUPUT.QS7.Q20,2014-11-06 01:45:17.189019,2014-11-06 01:45:31.54556,00:00:14.356541,14.356541
PERF.THRUPUT.QS7.Q21,2014-11-06 01:45:31.564154,2014-11-06 01:47:51.854362,00:02:20.290208,140.290208
PERF.THRUPUT.QS7.Q22,2014-11-06 01:49:24.077977,2014-11-06 01:49:41.679909,00:00:17.601932,17.601932
PERF.THRUPUT.QS7.Q3,2014-11-06 01:55:16.904522,2014-11-06 01:56:38.249165,00:01:21.344643,81.344643
PERF.THRUPUT.QS7.Q4,2014-11-06 01:48:05.399283,2014-11-06 01:49:24.064244,00:01:18.664961,78.664961
PERF.THRUPUT.QS7.Q5,2014-11-06 01:57:41.975001,2014-11-06 01:58:57.688979,00:01:15.713978,75.713978
PERF.THRUPUT.QS7.Q6,2014-11-06 02:01:41.957748,2014-11-06 02:02:07.157226,00:00:25.199478,25.199478
PERF.THRUPUT.QS7.Q7,2014-11-06 01:58:57.706334,2014-11-06 02:00:22.539443,00:01:24.833109,84.833109
PERF.THRUPUT.QS7.Q8,2014-11-06 01:44:45.746629,2014-11-06 01:45:17.173621,00:00:31.426992,31.426992
PERF.THRUPUT.QS7.Q9,2014-11-06 01:51:37.186745,2014-11-06 01:55:15.265844,00:03:38.079099,218.079099
PERF.THRUPUT.QS8.ALL,2014-11-06 01:42:52.746414,2014-11-06 02:03:38.818212,00:20:46.071798,1246.071798
PERF.THRUPUT.QS8.Q1,2014-11-06 01:42:55.206259,2014-11-06 01:44:46.498505,00:01:51.292246,111.292246
PERF.THRUPUT.QS8.Q10,2014-11-06 01:57:29.576133,2014-11-06 01:58:08.916326,00:00:39.340193,39.340193
PERF.THRUPUT.QS8.Q11,2014-11-06 02:03:35.435012,2014-11-06 02:03:38.810045,00:00:03.375033,3.375033
PERF.THRUPUT.QS8.Q12,2014-11-06 01:51:04.935858,2014-11-06 01:51:36.601797,00:00:31.665939,31.665939
PERF.THRUPUT.QS8.Q13,2014-11-06 01:58:08.933543,2014-11-06 01:59:13.341181,00:01:04.407638,64.407638
PERF.THRUPUT.QS8.Q14,2014-11-06 01:51:36.618854,2014-11-06 01:51:49.751705,00:00:13.132851,13.132851
PERF.THRUPUT.QS8.Q15,2014-11-06 01:44:46.51424,2014-11-06 01:45:19.794807,00:00:33.280567,33.280567
PERF.THRUPUT.QS8.Q16,2014-11-06 01:55:59.671066,2014-11-06 01:56:46.039225,00:00:46.368159,46.368159
PERF.THRUPUT.QS8.Q17,2014-11-06 01:45:19.808493,2014-11-06 01:45:20.922541,00:00:01.114048,1.114048
PERF.THRUPUT.QS8.Q18,2014-11-06 02:01:33.357938,2014-11-06 02:03:35.418993,00:02:02.061055,122.061055
PERF.THRUPUT.QS8.Q19,2014-11-06 01:42:52.759128,2014-11-06 01:42:55.186185,00:00:02.427057,2.427057
PERF.THRUPUT.QS8.Q2,2014-11-06 01:59:13.357218,2014-11-06 01:59:28.114939,00:00:14.757721,14.757721
PERF.THRUPUT.QS8.Q20,2014-11-06 01:55:44.959044,2014-11-06 01:55:59.653737,00:00:14.694693,14.694693
PERF.THRUPUT.QS8.Q21,2014-11-06 01:59:28.132962,2014-11-06 02:01:33.343747,00:02:05.210785,125.210785
PERF.THRUPUT.QS8.Q22,2014-11-06 01:57:12.082734,2014-11-06 01:57:29.559919,00:00:17.477185,17.477185
PERF.THRUPUT.QS8.Q3,2014-11-06 01:54:36.675729,2014-11-06 01:55:44.941481,00:01:08.265752,68.265752
PERF.THRUPUT.QS8.Q4,2014-11-06 01:53:12.176491,2014-11-06 01:54:36.660561,00:01:24.48407,84.48407
PERF.THRUPUT.QS8.Q5,2014-11-06 01:45:20.937586,2014-11-06 01:46:40.01697,00:01:19.079384,79.079384
PERF.THRUPUT.QS8.Q6,2014-11-06 01:56:46.058875,2014-11-06 01:57:12.066121,00:00:26.007246,26.007246
PERF.THRUPUT.QS8.Q7,2014-11-06 01:51:49.769291,2014-11-06 01:53:12.161366,00:01:22.392075,82.392075
PERF.THRUPUT.QS8.Q8,2014-11-06 01:46:40.03197,2014-11-06 01:47:08.622226,00:00:28.590256,28.590256
PERF.THRUPUT.QS8.Q9,2014-11-06 01:47:08.64595,2014-11-06 01:51:04.92048,00:03:56.27453,236.27453
PERF.THRUPUT.QS9.ALL,2014-11-06 01:42:52.769181,2014-11-06 02:03:20.737292,00:20:27.968111,1227.968111
PERF.THRUPUT.QS9.Q1,2014-11-06 01:53:33.043535,2014-11-06 01:55:24.205494,00:01:51.161959,111.161959
PERF.THRUPUT.QS9.Q10,2014-11-06 01:50:52.35224,2014-11-06 01:51:20.109252,00:00:27.757012,27.757012
PERF.THRUPUT.QS9.Q11,2014-11-06 01:50:46.861823,2014-11-06 01:50:51.142545,00:00:04.280722,4.280722
PERF.THRUPUT.QS9.Q12,2014-11-06 01:56:49.631614,2014-11-06 01:57:26.907165,00:00:37.275551,37.275551
PERF.THRUPUT.QS9.Q13,2014-11-06 01:43:18.559578,2014-11-06 01:44:23.535906,00:01:04.976328,64.976328
PERF.THRUPUT.QS9.Q14,2014-11-06 02:01:02.52619,2014-11-06 02:01:14.994733,00:00:12.468543,12.468543
PERF.THRUPUT.QS9.Q15,2014-11-06 01:51:20.125036,2014-11-06 01:51:50.938413,00:00:30.813377,30.813377
PERF.THRUPUT.QS9.Q16,2014-11-06 02:02:31.910337,2014-11-06 02:03:20.730576,00:00:48.820239,48.820239
PERF.THRUPUT.QS9.Q17,2014-11-06 01:44:54.000876,2014-11-06 01:44:55.085445,00:00:01.084569,1.084569
PERF.THRUPUT.QS9.Q18,2014-11-06 01:48:52.426507,2014-11-06 01:50:46.84866,00:01:54.422153,114.422153
PERF.THRUPUT.QS9.Q19,2014-11-06 01:50:51.160506,2014-11-06 01:50:52.29436,00:00:01.133854,1.133854
PERF.THRUPUT.QS9.Q2,2014-11-06 01:44:23.575926,2014-11-06 01:44:38.183345,00:00:14.607419,14.607419
PERF.THRUPUT.QS9.Q20,2014-11-06 01:44:38.198706,2014-11-06 01:44:53.986377,00:00:15.787671,15.787671
PERF.THRUPUT.QS9.Q21,2014-11-06 01:46:39.582916,2014-11-06 01:48:52.412425,00:02:12.829509,132.829509
PERF.THRUPUT.QS9.Q22,2014-11-06 01:53:16.23512,2014-11-06 01:53:33.028517,00:00:16.793397,16.793397
PERF.THRUPUT.QS9.Q3,2014-11-06 01:44:55.104733,2014-11-06 01:46:09.839232,00:01:14.734499,74.734499
PERF.THRUPUT.QS9.Q4,2014-11-06 01:51:50.958118,2014-11-06 01:53:16.218632,00:01:25.260514,85.260514
PERF.THRUPUT.QS9.Q5,2014-11-06 02:01:15.011689,2014-11-06 02:02:31.896684,00:01:16.884995,76.884995
PERF.THRUPUT.QS9.Q6,2014-11-06 01:46:09.878763,2014-11-06 01:46:39.566636,00:00:29.687873,29.687873
PERF.THRUPUT.QS9.Q7,2014-11-06 01:55:24.221394,2014-11-06 01:56:49.618033,00:01:25.396639,85.396639
PERF.THRUPUT.QS9.Q8,2014-11-06 01:42:52.783326,2014-11-06 01:43:18.548558,00:00:25.765232,25.765232
PERF.THRUPUT.QS9.Q9,2014-11-06 01:57:26.923297,2014-11-06 02:01:02.500511,00:03:35.577214,215.577214
PERF.THRUPUT.RFST1,2014-11-06 01:42:52.118373,2014-11-06 01:44:13.010084,00:01:20.891711,80.891711
PERF.THRUPUT.RFST1.RF1,2014-11-06 01:42:52.130162,2014-11-06 01:43:11.441871,00:00:19.311709,19.311709
PERF.THRUPUT.RFST1.RF2,2014-11-06 01:43:11.453593,2014-11-06 01:44:12.99966,00:01:01.546067,61.546067
PERF.THRUPUT.RFST10,2014-11-06 01:56:02.424459,2014-11-06 01:57:38.549696,00:01:36.125237,96.125237
PERF.THRUPUT.RFST10.RF1,2014-11-06 01:56:02.438912,2014-11-06 01:56:16.874525,00:00:14.435613,14.435613
PERF.THRUPUT.RFST10.RF2,2014-11-06 01:56:16.886519,2014-11-06 01:57:38.537318,00:01:21.650799,81.650799
PERF.THRUPUT.RFST11,2014-11-06 01:57:38.560568,2014-11-06 01:59:02.190261,00:01:23.629693,83.629693
PERF.THRUPUT.RFST11.RF1,2014-11-06 01:57:38.573365,2014-11-06 01:57:53.350782,00:00:14.777417,14.777417
PERF.THRUPUT.RFST11.RF2,2014-11-06 01:57:53.367424,2014-11-06 01:59:02.180725,00:01:08.813301,68.813301
PERF.THRUPUT.RFST12,2014-11-06 01:59:02.204004,2014-11-06 02:00:26.758592,00:01:24.554588,84.554588
PERF.THRUPUT.RFST12.RF1,2014-11-06 01:59:02.239019,2014-11-06 01:59:17.079583,00:00:14.840564,14.840564
PERF.THRUPUT.RFST12.RF2,2014-11-06 01:59:17.09847,2014-11-06 02:00:26.748065,00:01:09.649595,69.649595
PERF.THRUPUT.RFST13,2014-11-06 02:00:26.768551,2014-11-06 02:01:54.221898,00:01:27.453347,87.453347
PERF.THRUPUT.RFST13.RF1,2014-11-06 02:00:26.778261,2014-11-06 02:00:41.944437,00:00:15.166176,15.166176
PERF.THRUPUT.RFST13.RF2,2014-11-06 02:00:41.957625,2014-11-06 02:01:54.211675,00:01:12.25405,72.25405
PERF.THRUPUT.RFST14,2014-11-06 02:01:54.232385,2014-11-06 02:03:28.870072,00:01:34.637687,94.637687
PERF.THRUPUT.RFST14.RF1,2014-11-06 02:01:54.242298,2014-11-06 02:02:08.864635,00:00:14.622337,14.622337
PERF.THRUPUT.RFST14.RF2,2014-11-06 02:02:08.877557,2014-11-06 02:03:28.85768,00:01:19.980123,79.980123
PERF.THRUPUT.RFST2,2014-11-06 01:44:13.020172,2014-11-06 01:45:51.799135,00:01:38.778963,98.778963
PERF.THRUPUT.RFST2.RF1,2014-11-06 01:44:13.030702,2014-11-06 01:44:31.122049,00:00:18.091347,18.091347
PERF.THRUPUT.RFST2.RF2,2014-11-06 01:44:31.13464,2014-11-06 01:45:51.789112,00:01:20.654472,80.654472
PERF.THRUPUT.RFST3,2014-11-06 01:45:51.80772,2014-11-06 01:47:26.092,00:01:34.28428,94.28428
PERF.THRUPUT.RFST3.RF1,2014-11-06 01:45:51.818088,2014-11-06 01:46:10.478638,00:00:18.66055,18.66055
PERF.THRUPUT.RFST3.RF2,2014-11-06 01:46:10.492018,2014-11-06 01:47:26.081508,00:01:15.58949,75.58949
PERF.THRUPUT.RFST4,2014-11-06 01:47:26.102491,2014-11-06 01:48:55.925619,00:01:29.823128,89.823128
PERF.THRUPUT.RFST4.RF1,2014-11-06 01:47:26.112528,2014-11-06 01:47:43.152002,00:00:17.039474,17.039474
PERF.THRUPUT.RFST4.RF2,2014-11-06 01:47:43.165559,2014-11-06 01:48:55.917487,00:01:12.751928,72.751928
PERF.THRUPUT.RFST5,2014-11-06 01:48:55.93326,2014-11-06 01:50:25.200686,00:01:29.267426,89.267426
PERF.THRUPUT.RFST5.RF1,2014-11-06 01:48:55.941407,2014-11-06 01:49:12.007436,00:00:16.066029,16.066029
PERF.THRUPUT.RFST5.RF2,2014-11-06 01:49:12.020254,2014-11-06 01:50:25.193375,00:01:13.173121,73.173121
PERF.THRUPUT.RFST6,2014-11-06 01:50:25.210533,2014-11-06 01:51:50.48909,00:01:25.278557,85.278557
PERF.THRUPUT.RFST6.RF1,2014-11-06 01:50:25.221092,2014-11-06 01:50:41.582353,00:00:16.361261,16.361261
PERF.THRUPUT.RFST6.RF2,2014-11-06 01:50:41.592579,2014-11-06 01:51:50.473763,00:01:08.881184,68.881184
PERF.THRUPUT.RFST7,2014-11-06 01:51:50.501524,2014-11-06 01:53:15.484266,00:01:24.982742,84.982742
PERF.THRUPUT.RFST7.RF1,2014-11-06 01:51:50.512957,2014-11-06 01:52:05.563849,00:00:15.050892,15.050892
PERF.THRUPUT.RFST7.RF2,2014-11-06 01:52:05.577302,2014-11-06 01:53:15.473414,00:01:09.896112,69.896112
PERF.THRUPUT.RFST8,2014-11-06 01:53:15.493752,2014-11-06 01:54:38.497829,00:01:23.004077,83.004077
PERF.THRUPUT.RFST8.RF1,2014-11-06 01:53:15.504011,2014-11-06 01:53:29.550104,00:00:14.046093,14.046093
PERF.THRUPUT.RFST8.RF2,2014-11-06 01:53:29.563733,2014-11-06 01:54:38.486081,00:01:08.922348,68.922348
PERF.THRUPUT.RFST9,2014-11-06 01:54:38.507931,2014-11-06 01:56:02.412744,00:01:23.904813,83.904813
PERF.THRUPUT.RFST9.RF1,2014-11-06 01:54:38.516239,2014-11-06 01:54:51.327887,00:00:12.811648,12.811648
PERF.THRUPUT.RFST9.RF2,2014-11-06 01:54:51.340376,2014-11-06 01:56:02.396746,00:01:11.05637,71.05637
