ctime,schemaname,relname,seq_scan,seq_tup_read,idx_scan,idx_tup_fetch,n_tup_ins,n_tup_upd,n_tup_del,n_tup_hot_upd,n_live_tup,n_dead_tup,heap_blks_read,heap_blks_hit,idx_blks_read,idx_blks_hit,toast_blks_read,toast_blks_hit,tidx_blks_read,tidx_blks_hit
1415236567.84161,pg_catalog,pg_auth_members,0,0,0,0,0,0,0,0,0,0,0,0,0,0,,,,
1415236567.84161,pg_catalog,pg_operator,0,0,112382,563396,0,0,0,0,0,0,1279,397135,1128,245470,,,,
1415236567.84161,public,nation,2,50,0,0,25,0,0,0,25,0,1,3,0,0,,,,
1415236567.84161,pg_catalog,pg_aggregate,0,0,7707,7707,0,0,0,0,0,0,192,7515,500,12962,,,,
1415236567.84161,pg_catalog,pg_pltemplate,0,0,0,0,0,0,0,0,0,0,0,0,0,0,,,,
1415236567.84161,public,region,2,10,0,0,5,0,0,0,5,0,1,3,0,0,,,,
1415236567.84161,pg_toast,pg_toast_11615,0,0,0,0,0,0,0,0,0,0,0,0,0,0,,,,
1415236567.84161,public,customer,0,0,,,0,0,0,0,0,0,0,0,,,,,,
1415236567.84161,pg_catalog,pg_description,0,0,1854,0,0,0,0,0,0,0,0,0,556,3578,0,0,0,0
1415236567.84161,pg_catalog,pg_language,0,0,0,0,0,0,0,0,0,0,0,0,0,0,,,,
1415236567.84161,public,lineitem,0,0,,,0,0,0,0,0,0,0,0,,,,,,
1415236567.84161,pg_catalog,pg_ts_parser,0,0,0,0,0,0,0,0,0,0,0,0,0,0,,,,
1415236567.84161,pg_catalog,pg_shseclabel,0,0,0,0,0,0,0,0,0,0,0,0,0,0,,,,
1415236567.84161,pg_catalog,pg_foreign_table,0,0,0,0,0,0,0,0,0,0,0,0,0,0,,,,
1415236567.84161,pg_toast,pg_toast_11620,0,0,0,0,0,0,0,0,0,0,0,0,0,0,,,,
1415236567.84161,pg_catalog,pg_attrdef,0,0,0,0,0,0,0,0,0,0,0,0,0,0,0,0,0,0
1415236567.84161,pg_catalog,pg_ts_template,0,0,0,0,0,0,0,0,0,0,0,0,0,0,,,,
1415236567.84161,pg_catalog,pg_foreign_server,0,0,0,0,0,0,0,0,0,0,0,0,0,0,,,,
1415236567.84161,pg_catalog,pg_default_acl,0,0,1744,0,0,0,0,0,0,0,0,0,179,1565,,,,
1415236567.84161,pg_toast,pg_toast_11595,0,0,0,0,0,0,0,0,0,0,0,0,0,0,,,,
1415236567.84161,information_schema,sql_packages,0,0,,,0,0,0,0,0,0,0,0,,,0,0,0,0
1415236567.84161,public,supplier,0,0,,,0,0,0,0,0,0,0,0,,,,,,
1415236567.84161,pg_catalog,pg_attribute,968,6424,299284,661869,2668,62,2532,48,2383,340,5835,320574,1638,624100,,,,
1415236567.84161,pg_catalog,pg_statistic,0,0,82196,78883,525,1662,518,1327,456,123,5693,77929,630,176373,15379,78946,198,69212
1415236567.84161,pg_toast,pg_toast_2618,0,0,1586,5145,0,0,0,0,0,0,1247,1519,442,1956,,,,
1415236567.84161,pg_toast,pg_toast_3596,0,0,0,0,0,0,0,0,0,0,0,0,0,0,,,,
1415236567.84161,information_schema,sql_features,0,0,,,0,0,0,0,0,0,0,0,,,0,0,0,0
1415236567.84161,pg_catalog,pg_depend,0,0,17712,19028,3257,0,3224,0,6237,721,2870,21987,4537,45671,,,,
1415236567.84161,pg_toast,pg_toast_11605,0,0,0,0,0,0,0,0,0,0,0,0,0,0,,,,
1415236567.84161,pg_catalog,pg_opclass,176,176,87608,940756,0,0,0,0,0,0,110,336483,427,108390,,,,
1415236567.84161,pg_catalog,pg_proc,0,0,132566,196209,0,0,0,0,0,0,8742,138223,3158,292879,0,0,0,0
1415236567.84161,pg_catalog,pg_trigger,0,0,0,0,0,0,0,0,0,0,0,0,0,0,0,0,0,0
1415236567.84161,information_schema,sql_languages,0,0,,,0,0,0,0,0,0,0,0,,,0,0,0,0
1415236567.84161,pg_catalog,pg_am,15224,15224,0,0,0,0,0,0,0,0,46,15178,0,0,,,,
1415236567.84161,pg_catalog,pg_largeobject_metadata,0,0,0,0,0,0,0,0,0,0,0,0,0,0,,,,
1415236567.84161,pg_catalog,pg_ts_config_map,0,0,0,0,0,0,0,0,0,0,0,0,0,0,,,,
1415236567.84161,pg_catalog,pg_type,0,0,335687,332419,865,0,846,0,349,83,1360,334668,2128,670949,,,,
1415236567.84161,public,partsupp,0,0,,,0,0,0,0,0,0,0,0,,,,,,
1415236567.84161,information_schema,sql_sizing_profiles,0,0,,,0,0,0,0,0,0,0,0,,,0,0,0,0
1415236567.84161,pg_catalog,pg_shdepend,0,0,2310,455,0,0,0,0,0,0,202,253,790,2384,,,,
1415236567.84161,pg_catalog,pg_conversion,0,0,0,0,0,0,0,0,0,0,0,0,0,0,,,,
1415236567.84161,pg_catalog,pg_foreign_data_wrapper,0,0,0,0,0,0,0,0,0,0,0,0,0,0,,,,
1415236567.84161,pg_catalog,pg_opfamily,0,0,0,0,0,0,0,0,0,0,0,0,0,0,,,,
1415236567.84161,pg_catalog,pg_shdescription,0,0,0,0,0,0,0,0,0,0,0,0,0,0,0,0,0,0
1415236567.84161,pg_catalog,pg_tablespace,2,4,10648,10648,0,0,0,0,0,0,65,10585,130,21166,,,,
1415236567.84161,pg_catalog,pg_inherits,0,0,426,0,0,0,0,0,0,0,0,0,204,222,,,,
1415236567.84161,pg_toast,pg_toast_2606,0,0,0,0,0,0,0,0,0,0,0,0,0,0,,,,
1415236567.84161,pg_toast,pg_toast_2964,0,0,0,0,0,0,0,0,0,0,0,0,0,0,,,,
1415236567.84161,pg_catalog,pg_database,1190,4601,52995,52993,1,0,0,0,1,0,14,54170,181,83466,,,,
1415236567.84161,pg_toast,pg_toast_2620,0,0,0,0,0,0,0,0,0,0,0,0,0,0,,,,
1415236567.84161,information_schema,sql_sizing,0,0,,,0,0,0,0,0,0,0,0,,,0,0,0,0
1415236567.84161,pg_catalog,pg_amproc,176,352,64438,95933,0,0,0,0,0,0,156,62938,133,143675,,,,
1415236567.84161,pg_catalog,pg_collation,0,0,0,0,0,0,0,0,0,0,0,0,0,0,,,,
1415236567.84161,pg_catalog,pg_constraint,0,0,98,48,50,0,48,0,4,48,30,269,56,490,0,0,0,0
1415236567.84161,public,time_statistics,0,0,,,1,0,0,0,1,0,1,0,,,,,,
1415236567.84161,pg_catalog,pg_range,0,0,3422,0,0,0,0,0,0,0,0,0,505,6339,,,,
1415236567.84161,pg_toast,pg_toast_11600,0,0,0,0,0,0,0,0,0,0,0,0,0,0,,,,
1415236567.84161,pg_toast,pg_toast_11590,0,0,0,0,0,0,0,0,0,0,0,0,0,0,,,,
1415236567.84161,information_schema,sql_implementation_info,0,0,,,0,0,0,0,0,0,0,0,,,0,0,0,0
1415236567.84161,pg_catalog,pg_user_mapping,0,0,0,0,0,0,0,0,0,0,0,0,0,0,,,,
1415236567.84161,pg_catalog,pg_largeobject,0,0,0,0,0,0,0,0,0,0,0,0,0,0,,,,
1415236567.84161,pg_catalog,pg_namespace,976,16164,72802,58261,18,0,0,0,18,0,78,59205,1103,88201,,,,
1415236567.84161,public,orders,0,0,,,0,0,0,0,0,0,0,0,,,,,,
1415236567.84161,information_schema,sql_parts,0,0,,,0,0,0,0,0,0,0,0,,,0,0,0,0
1415236567.84161,pg_catalog,pg_authid,439,439,29260,29260,0,0,0,0,0,0,51,29648,210,58310,,,,
1415236567.84161,pg_catalog,pg_index,2183,214154,146149,212013,292,0,290,0,112,98,725,194409,292,169409,,,,
1415236567.84161,pg_catalog,pg_ts_dict,0,0,0,0,0,0,0,0,0,0,0,0,0,0,,,,
1415236567.84161,pg_catalog,pg_class,5360,1168562,383044,356028,728,244,716,232,300,109,1632,401503,595,751335,,,,
1415236567.84161,pg_toast,pg_toast_2396,0,0,0,0,0,0,0,0,0,0,0,0,0,0,,,,
1415236567.84161,pg_catalog,pg_enum,0,0,0,0,0,0,0,0,0,0,0,0,0,0,,,,
1415236567.84161,pg_catalog,pg_db_role_setting,0,0,46014,0,0,0,0,0,0,0,0,0,45,45969,0,0,0,0
1415236567.84161,pg_catalog,pg_seclabel,0,0,1854,0,0,0,0,0,0,0,0,0,176,1678,0,0,0,0
1415236567.84161,pg_toast,pg_toast_2609,0,0,0,0,0,0,0,0,0,0,0,0,0,0,,,,
1415236567.84161,pg_toast,pg_toast_1255,0,0,0,0,0,0,0,0,0,0,0,0,0,0,,,,
1415236567.84161,pg_catalog,pg_rewrite,0,0,4211,3479,244,0,244,0,106,39,2110,3246,887,6289,1247,1519,442,1956
1415236567.84161,pg_catalog,pg_ts_config,0,0,0,0,0,0,0,0,0,0,0,0,0,0,,,,
1415236567.84161,pg_catalog,pg_extension,0,0,0,0,0,0,0,0,0,0,0,0,0,0,,,,
1415236567.84161,pg_catalog,pg_amop,0,0,129871,188993,0,0,0,0,0,0,240,188753,792,276580,,,,
1415236567.84161,pg_catalog,pg_cast,0,0,468931,116170,0,0,0,0,0,0,178,115992,102,482981,,,,
1415236567.84161,public,part,0,0,,,0,0,0,0,0,0,0,0,,,,,,
1415236567.84161,pg_toast,pg_toast_2619,0,0,59471,198403,1958,0,1947,0,27,312,15379,78946,198,69212,,,,
1415236567.84161,pg_toast,pg_toast_11610,0,0,0,0,0,0,0,0,0,0,0,0,0,0,,,,
1415236567.84161,pg_toast,pg_toast_2604,0,0,0,0,0,0,0,0,0,0,0,0,0,0,,,,
1415236627.84606,pg_catalog,pg_auth_members,0,0,0,0,0,0,0,0,0,0,0,0,0,0,,,,
1415236627.84606,pg_catalog,pg_operator,0,0,112422,563490,0,0,0,0,0,0,1289,397201,1129,245565,,,,
1415236627.84606,public,nation,2,50,0,0,25,0,0,0,25,0,1,3,0,0,,,,
1415236627.84606,pg_catalog,pg_aggregate,0,0,7708,7708,0,0,0,0,0,0,193,7515,502,12962,,,,
1415236627.84606,pg_catalog,pg_pltemplate,0,0,0,0,0,0,0,0,0,0,0,0,0,0,,,,
1415236627.84606,public,region,2,10,0,0,5,0,0,0,5,0,1,3,0,0,,,,
1415236627.84606,pg_toast,pg_toast_11615,0,0,0,0,0,0,0,0,0,0,0,0,0,0,,,,
1415236627.84606,public,customer,6,9000000,0,0,1500000,0,0,0,1500000,0,68533,259579,0,0,,,,
1415236627.84606,pg_catalog,pg_description,0,0,1854,0,0,0,0,0,0,0,0,0,556,3578,0,0,0,0
1415236627.84606,pg_catalog,pg_language,0,0,0,0,0,0,0,0,0,0,0,0,0,0,,,,
1415236627.84606,public,lineitem,0,0,,,0,0,0,0,0,0,0,0,,,,,,
1415236627.84606,pg_catalog,pg_ts_parser,0,0,0,0,0,0,0,0,0,0,0,0,0,0,,,,
1415236627.84606,pg_catalog,pg_shseclabel,0,0,0,0,0,0,0,0,0,0,0,0,0,0,,,,
1415236627.84606,pg_catalog,pg_foreign_table,0,0,0,0,0,0,0,0,0,0,0,0,0,0,,,,
1415236627.84606,pg_toast,pg_toast_11620,0,0,0,0,0,0,0,0,0,0,0,0,0,0,,,,
1415236627.84606,pg_catalog,pg_attrdef,0,0,0,0,0,0,0,0,0,0,0,0,0,0,0,0,0,0
1415236627.84606,pg_catalog,pg_ts_template,0,0,0,0,0,0,0,0,0,0,0,0,0,0,,,,
1415236627.84606,pg_catalog,pg_foreign_server,0,0,0,0,0,0,0,0,0,0,0,0,0,0,,,,
1415236627.84606,pg_catalog,pg_default_acl,0,0,1744,0,0,0,0,0,0,0,0,0,179,1565,,,,
1415236627.84606,pg_toast,pg_toast_11595,0,0,0,0,0,0,0,0,0,0,0,0,0,0,,,,
1415236627.84606,information_schema,sql_packages,0,0,,,0,0,0,0,0,0,0,0,,,0,0,0,0
1415236627.84606,public,supplier,4,400000,0,0,100000,0,0,0,100000,0,2312,15648,0,0,,,,
1415236627.84606,pg_catalog,pg_attribute,990,6570,299850,663406,2684,66,2532,52,2399,344,5856,321525,1638,625341,,,,
1415236627.84606,pg_catalog,pg_statistic,0,0,82271,78940,537,1700,518,1364,468,151,5696,78046,630,176557,15405,79372,198,69334
1415236627.84606,pg_toast,pg_toast_2618,0,0,1590,5158,0,0,0,0,0,0,1252,1521,442,1962,,,,
1415236627.84606,pg_toast,pg_toast_3596,0,0,0,0,0,0,0,0,0,0,0,0,0,0,,,,
1415236627.84606,information_schema,sql_features,0,0,,,0,0,0,0,0,0,0,0,,,0,0,0,0
1415236627.84606,pg_catalog,pg_depend,0,0,17761,19074,3279,0,3224,0,6259,721,2874,22086,4540,45876,,,,
1415236627.84606,pg_toast,pg_toast_11605,0,0,0,0,0,0,0,0,0,0,0,0,0,0,,,,
1415236627.84606,pg_catalog,pg_opclass,180,180,87745,942637,0,0,0,0,0,0,110,337004,427,108571,,,,
1415236627.84606,pg_catalog,pg_proc,0,0,132652,196336,0,0,0,0,0,0,8756,138316,3164,293066,0,0,0,0
1415236627.84606,pg_catalog,pg_trigger,0,0,0,0,0,0,0,0,0,0,0,0,0,0,0,0,0,0
1415236627.84606,information_schema,sql_languages,0,0,,,0,0,0,0,0,0,0,0,,,0,0,0,0
1415236627.84606,pg_catalog,pg_am,15262,15262,0,0,0,0,0,0,0,0,46,15216,0,0,,,,
1415236627.84606,pg_catalog,pg_largeobject_metadata,0,0,0,0,0,0,0,0,0,0,0,0,0,0,,,,
1415236627.84606,pg_catalog,pg_ts_config_map,0,0,0,0,0,0,0,0,0,0,0,0,0,0,,,,
1415236627.84606,pg_catalog,pg_type,0,0,335883,332615,865,0,846,0,349,83,1361,334863,2128,671367,,,,
1415236627.84606,public,partsupp,3,24000000,0,0,8000000,0,0,0,8000000,0,340611,954509,0,0,,,,
1415236627.84606,information_schema,sql_sizing_profiles,0,0,,,0,0,0,0,0,0,0,0,,,0,0,0,0
1415236627.84606,pg_catalog,pg_shdepend,0,0,2310,455,0,0,0,0,0,0,202,253,790,2384,,,,
1415236627.84606,pg_catalog,pg_conversion,0,0,0,0,0,0,0,0,0,0,0,0,0,0,,,,
1415236627.84606,pg_catalog,pg_foreign_data_wrapper,0,0,0,0,0,0,0,0,0,0,0,0,0,0,,,,
1415236627.84606,pg_catalog,pg_opfamily,0,0,0,0,0,0,0,0,0,0,0,0,0,0,,,,
1415236627.84606,pg_catalog,pg_shdescription,0,0,0,0,0,0,0,0,0,0,0,0,0,0,0,0,0,0
1415236627.84606,pg_catalog,pg_tablespace,2,4,10653,10653,0,0,0,0,0,0,65,10590,130,21176,,,,
1415236627.84606,pg_catalog,pg_inherits,0,0,426,0,0,0,0,0,0,0,0,0,204,222,,,,
1415236627.84606,pg_toast,pg_toast_2606,0,0,0,0,0,0,0,0,0,0,0,0,0,0,,,,
1415236627.84606,pg_toast,pg_toast_2964,0,0,0,0,0,0,0,0,0,0,0,0,0,0,,,,
1415236627.84606,pg_catalog,pg_database,1193,4613,53092,53090,1,0,0,0,1,0,14,54270,181,83619,,,,
1415236627.84606,pg_toast,pg_toast_2620,0,0,0,0,0,0,0,0,0,0,0,0,0,0,,,,
1415236627.84606,information_schema,sql_sizing,0,0,,,0,0,0,0,0,0,0,0,,,0,0,0,0
1415236627.84606,pg_catalog,pg_amproc,180,360,64530,96064,0,0,0,0,0,0,156,63034,133,143886,,,,
1415236627.84606,pg_catalog,pg_collation,0,0,0,0,0,0,0,0,0,0,0,0,0,0,,,,
1415236627.84606,pg_catalog,pg_constraint,0,0,101,48,53,0,48,0,7,48,30,281,56,517,0,0,0,0
1415236627.84606,public,time_statistics,0,0,,,1,0,0,0,1,0,1,0,,,,,,
1415236627.84606,pg_catalog,pg_range,0,0,3422,0,0,0,0,0,0,0,0,0,505,6339,,,,
1415236627.84606,pg_toast,pg_toast_11600,0,0,0,0,0,0,0,0,0,0,0,0,0,0,,,,
1415236627.84606,pg_toast,pg_toast_11590,0,0,0,0,0,0,0,0,0,0,0,0,0,0,,,,
1415236627.84606,information_schema,sql_implementation_info,0,0,,,0,0,0,0,0,0,0,0,,,0,0,0,0
1415236627.84606,pg_catalog,pg_user_mapping,0,0,0,0,0,0,0,0,0,0,0,0,0,0,,,,
1415236627.84606,pg_catalog,pg_largeobject,0,0,0,0,0,0,0,0,0,0,0,0,0,0,,,,
1415236627.84606,pg_catalog,pg_namespace,978,16212,72968,58404,18,0,0,0,18,0,78,59350,1103,88392,,,,
1415236627.84606,public,orders,0,0,,,15000000,0,0,0,15000000,0,253333,543656,,,,,,
1415236627.84606,information_schema,sql_parts,0,0,,,0,0,0,0,0,0,0,0,,,0,0,0,0
1415236627.84606,pg_catalog,pg_authid,440,440,29313,29313,0,0,0,0,0,0,51,29702,210,58416,,,,
1415236627.84606,pg_catalog,pg_index,2201,214616,146419,212349,303,0,290,0,123,0,726,194798,292,169750,,,,
1415236627.84606,pg_catalog,pg_ts_dict,0,0,0,0,0,0,0,0,0,0,0,0,0,0,,,,
1415236627.84606,pg_catalog,pg_class,5393,1171377,383772,356716,739,244,716,232,311,108,1633,402443,595,752886,,,,
1415236627.84606,pg_toast,pg_toast_2396,0,0,0,0,0,0,0,0,0,0,0,0,0,0,,,,
1415236627.84606,pg_catalog,pg_enum,0,0,0,0,0,0,0,0,0,0,0,0,0,0,,,,
1415236627.84606,pg_catalog,pg_db_role_setting,0,0,46098,0,0,0,0,0,0,0,0,0,45,46053,0,0,0,0
1415236627.84606,pg_catalog,pg_seclabel,0,0,1854,0,0,0,0,0,0,0,0,0,176,1678,0,0,0,0
1415236627.84606,pg_toast,pg_toast_2609,0,0,0,0,0,0,0,0,0,0,0,0,0,0,,,,
1415236627.84606,pg_toast,pg_toast_1255,0,0,0,0,0,0,0,0,0,0,0,0,0,0,,,,
1415236627.84606,pg_catalog,pg_rewrite,0,0,4218,3486,244,0,244,0,106,39,2115,3248,887,6301,1252,1521,442,1962
1415236627.84606,pg_catalog,pg_ts_config,0,0,0,0,0,0,0,0,0,0,0,0,0,0,,,,
1415236627.84606,pg_catalog,pg_extension,0,0,0,0,0,0,0,0,0,0,0,0,0,0,,,,
1415236627.84606,pg_catalog,pg_amop,0,0,129971,189104,0,0,0,0,0,0,241,188863,793,276793,,,,
1415236627.84606,pg_catalog,pg_cast,0,0,469665,116315,0,0,0,0,0,0,178,116137,102,483734,,,,
1415236627.84606,public,part,1,2000000,0,0,2000000,0,0,0,2000000,0,65881,97709,0,0,,,,
1415236627.84606,pg_toast,pg_toast_2619,0,0,59494,198417,2050,0,1951,0,113,4,15405,79372,198,69334,,,,
1415236627.84606,pg_toast,pg_toast_11610,0,0,0,0,0,0,0,0,0,0,0,0,0,0,,,,
1415236627.84606,pg_toast,pg_toast_2604,0,0,0,0,0,0,0,0,0,0,0,0,0,0,,,,
1415236687.85195,pg_catalog,pg_auth_members,0,0,0,0,0,0,0,0,0,0,0,0,0,0,,,,
1415236687.85195,pg_catalog,pg_operator,0,0,112460,563528,0,0,0,0,0,0,1289,397239,1129,245653,,,,
1415236687.85195,public,nation,2,50,0,0,25,0,0,0,25,0,1,3,0,0,,,,
1415236687.85195,pg_catalog,pg_aggregate,0,0,7709,7709,0,0,0,0,0,0,193,7516,502,12964,,,,
1415236687.85195,pg_catalog,pg_pltemplate,0,0,0,0,0,0,0,0,0,0,0,0,0,0,,,,
1415236687.85195,public,region,2,10,0,0,5,0,0,0,5,0,1,3,0,0,,,,
1415236687.85195,pg_toast,pg_toast_11615,0,0,0,0,0,0,0,0,0,0,0,0,0,0,,,,
1415236687.85195,public,customer,6,9000000,0,0,1500000,0,0,0,1500000,0,68533,294857,0,0,,,,
1415236687.85195,pg_catalog,pg_description,0,0,1854,0,0,0,0,0,0,0,0,0,556,3578,0,0,0,0
1415236687.85195,pg_catalog,pg_language,0,0,0,0,0,0,0,0,0,0,0,0,0,0,,,,
1415236687.85195,public,lineitem,0,0,,,0,0,0,0,0,0,0,0,,,,,,
1415236687.85195,pg_catalog,pg_ts_parser,0,0,0,0,0,0,0,0,0,0,0,0,0,0,,,,
1415236687.85195,pg_catalog,pg_shseclabel,0,0,0,0,0,0,0,0,0,0,0,0,0,0,,,,
1415236687.85195,pg_catalog,pg_foreign_table,0,0,0,0,0,0,0,0,0,0,0,0,0,0,,,,
1415236687.85195,pg_toast,pg_toast_11620,0,0,0,0,0,0,0,0,0,0,0,0,0,0,,,,
1415236687.85195,pg_catalog,pg_attrdef,0,0,0,0,0,0,0,0,0,0,0,0,0,0,0,0,0,0
1415236687.85195,pg_catalog,pg_ts_template,0,0,0,0,0,0,0,0,0,0,0,0,0,0,,,,
1415236687.85195,pg_catalog,pg_foreign_server,0,0,0,0,0,0,0,0,0,0,0,0,0,0,,,,
1415236687.85195,pg_catalog,pg_default_acl,0,0,1744,0,0,0,0,0,0,0,0,0,179,1565,,,,
1415236687.85195,pg_toast,pg_toast_11595,0,0,0,0,0,0,0,0,0,0,0,0,0,0,,,,
1415236687.85195,information_schema,sql_packages,0,0,,,0,0,0,0,0,0,0,0,,,0,0,0,0
1415236687.85195,public,supplier,4,400000,0,0,100000,0,0,0,100000,0,2312,15648,0,0,,,,
1415236687.85195,pg_catalog,pg_attribute,1001,6643,300263,664405,2693,68,2532,54,2408,346,5856,322118,1638,626220,,,,
1415236687.85195,pg_catalog,pg_statistic,0,0,82346,78988,556,1727,518,1387,487,165,5696,78158,630,176762,15405,79514,198,69452
1415236687.85195,pg_toast,pg_toast_2618,0,0,1594,5171,0,0,0,0,0,0,1252,1528,442,1968,,,,
1415236687.85195,pg_toast,pg_toast_3596,0,0,0,0,0,0,0,0,0,0,0,0,0,0,,,,
1415236687.85195,information_schema,sql_features,0,0,,,0,0,0,0,0,0,0,0,,,0,0,0,0
1415236687.85195,pg_catalog,pg_depend,0,0,17781,19092,3290,0,3224,0,6270,721,2874,22133,4540,45972,,,,
1415236687.85195,pg_toast,pg_toast_11605,0,0,0,0,0,0,0,0,0,0,0,0,0,0,,,,
1415236687.85195,pg_catalog,pg_opclass,182,182,87851,944327,0,0,0,0,0,0,110,337460,427,108696,,,,
1415236687.85195,pg_catalog,pg_proc,0,0,132738,196464,0,0,0,0,0,0,8756,138420,3164,293257,0,0,0,0
1415236687.85195,pg_catalog,pg_trigger,0,0,0,0,0,0,0,0,0,0,0,0,0,0,0,0,0,0
1415236687.85195,information_schema,sql_languages,0,0,,,0,0,0,0,0,0,0,0,,,0,0,0,0
1415236687.85195,pg_catalog,pg_am,15275,15275,0,0,0,0,0,0,0,0,46,15229,0,0,,,,
1415236687.85195,pg_catalog,pg_largeobject_metadata,0,0,0,0,0,0,0,0,0,0,0,0,0,0,,,,
1415236687.85195,pg_catalog,pg_ts_config_map,0,0,0,0,0,0,0,0,0,0,0,0,0,0,,,,
1415236687.85195,pg_catalog,pg_type,0,0,336025,332757,865,0,846,0,349,83,1361,335005,2128,671666,,,,
1415236687.85195,public,partsupp,3,24000000,0,0,8000000,0,0,0,8000000,0,340611,954509,0,0,,,,
1415236687.85195,information_schema,sql_sizing_profiles,0,0,,,0,0,0,0,0,0,0,0,,,0,0,0,0
1415236687.85195,pg_catalog,pg_shdepend,0,0,2310,455,0,0,0,0,0,0,202,253,790,2384,,,,
1415236687.85195,pg_catalog,pg_conversion,0,0,0,0,0,0,0,0,0,0,0,0,0,0,,,,
1415236687.85195,pg_catalog,pg_foreign_data_wrapper,0,0,0,0,0,0,0,0,0,0,0,0,0,0,,,,
1415236687.85195,pg_catalog,pg_opfamily,0,0,0,0,0,0,0,0,0,0,0,0,0,0,,,,
1415236687.85195,pg_catalog,pg_shdescription,0,0,0,0,0,0,0,0,0,0,0,0,0,0,0,0,0,0
1415236687.85195,pg_catalog,pg_tablespace,2,4,10659,10659,0,0,0,0,0,0,65,10596,130,21188,,,,
1415236687.85195,pg_catalog,pg_inherits,0,0,426,0,0,0,0,0,0,0,0,0,204,222,,,,
1415236687.85195,pg_toast,pg_toast_2606,0,0,0,0,0,0,0,0,0,0,0,0,0,0,,,,
1415236687.85195,pg_toast,pg_toast_2964,0,0,0,0,0,0,0,0,0,0,0,0,0,0,,,,
1415236687.85195,pg_catalog,pg_database,1196,4625,53139,53137,1,0,0,0,1,0,14,54320,181,83682,,,,
1415236687.85195,pg_toast,pg_toast_2620,0,0,0,0,0,0,0,0,0,0,0,0,0,0,,,,
1415236687.85195,information_schema,sql_sizing,0,0,,,0,0,0,0,0,0,0,0,,,0,0,0,0
1415236687.85195,pg_catalog,pg_amproc,182,364,64597,96150,0,0,0,0,0,0,156,63100,133,144027,,,,
1415236687.85195,pg_catalog,pg_collation,0,0,0,0,0,0,0,0,0,0,0,0,0,0,,,,
1415236687.85195,pg_catalog,pg_constraint,0,0,103,48,55,0,48,0,9,48,30,289,56,535,0,0,0,0
1415236687.85195,public,time_statistics,0,0,,,1,0,0,0,1,0,1,0,,,,,,
1415236687.85195,pg_catalog,pg_range,0,0,3422,0,0,0,0,0,0,0,0,0,505,6339,,,,
1415236687.85195,pg_toast,pg_toast_11600,0,0,0,0,0,0,0,0,0,0,0,0,0,0,,,,
1415236687.85195,pg_toast,pg_toast_11590,0,0,0,0,0,0,0,0,0,0,0,0,0,0,,,,
1415236687.85195,information_schema,sql_implementation_info,0,0,,,0,0,0,0,0,0,0,0,,,0,0,0,0
1415236687.85195,pg_catalog,pg_user_mapping,0,0,0,0,0,0,0,0,0,0,0,0,0,0,,,,
1415236687.85195,pg_catalog,pg_largeobject,0,0,0,0,0,0,0,0,0,0,0,0,0,0,,,,
1415236687.85195,pg_catalog,pg_namespace,980,16260,73127,58549,18,0,0,0,18,0,78,59497,1103,88567,,,,
1415236687.85195,public,orders,4,60000000,0,0,15000000,0,0,0,15000000,0,504554,1558780,0,0,,,,
1415236687.85195,information_schema,sql_parts,0,0,,,0,0,0,0,0,0,0,0,,,0,0,0,0
1415236687.85195,pg_catalog,pg_authid,442,442,29326,29326,0,0,0,0,0,0,51,29717,210,58442,,,,
1415236687.85195,pg_catalog,pg_index,2212,215115,146587,212566,309,0,290,0,129,0,726,195031,292,169954,,,,
1415236687.85195,pg_catalog,pg_ts_dict,0,0,0,0,0,0,0,0,0,0,0,0,0,0,,,,
1415236687.85195,pg_catalog,pg_class,5421,1174278,384311,357235,745,244,716,232,317,110,1633,403193,595,754018,,,,
1415236687.85195,pg_toast,pg_toast_2396,0,0,0,0,0,0,0,0,0,0,0,0,0,0,,,,
1415236687.85195,pg_catalog,pg_enum,0,0,0,0,0,0,0,0,0,0,0,0,0,0,,,,
1415236687.85195,pg_catalog,pg_db_role_setting,0,0,46122,0,0,0,0,0,0,0,0,0,45,46077,0,0,0,0
1415236687.85195,pg_catalog,pg_seclabel,0,0,1854,0,0,0,0,0,0,0,0,0,176,1678,0,0,0,0
1415236687.85195,pg_toast,pg_toast_2609,0,0,0,0,0,0,0,0,0,0,0,0,0,0,,,,
1415236687.85195,pg_toast,pg_toast_1255,0,0,0,0,0,0,0,0,0,0,0,0,0,0,,,,
1415236687.85195,pg_catalog,pg_rewrite,0,0,4226,3494,244,0,244,0,106,39,2115,3256,887,6315,1252,1528,442,1968
1415236687.85195,pg_catalog,pg_ts_config,0,0,0,0,0,0,0,0,0,0,0,0,0,0,,,,
1415236687.85195,pg_catalog,pg_extension,0,0,0,0,0,0,0,0,0,0,0,0,0,0,,,,
1415236687.85195,pg_catalog,pg_amop,0,0,130082,189227,0,0,0,0,0,0,241,188986,793,277031,,,,
1415236687.85195,pg_catalog,pg_cast,0,0,470278,116435,0,0,0,0,0,0,178,116257,102,484362,,,,
1415236687.85195,public,part,5,10000000,0,0,2000000,0,0,0,2000000,0,79007,246671,0,0,,,,
1415236687.85195,pg_toast,pg_toast_2619,0,0,59518,198427,2138,0,1953,0,199,6,15405,79514,198,69452,,,,
1415236687.85195,pg_toast,pg_toast_11610,0,0,0,0,0,0,0,0,0,0,0,0,0,0,,,,
1415236687.85195,pg_toast,pg_toast_2604,0,0,0,0,0,0,0,0,0,0,0,0,0,0,,,,
1415236747.85503,pg_catalog,pg_auth_members,0,0,0,0,0,0,0,0,0,0,0,0,0,0,,,,
1415236747.85503,pg_catalog,pg_operator,0,0,112483,563551,0,0,0,0,0,0,1289,397262,1129,245707,,,,
1415236747.85503,public,nation,2,50,0,0,25,0,0,0,25,0,1,3,0,0,,,,
1415236747.85503,pg_catalog,pg_aggregate,0,0,7710,7710,0,0,0,0,0,0,193,7517,502,12966,,,,
1415236747.85503,pg_catalog,pg_pltemplate,0,0,0,0,0,0,0,0,0,0,0,0,0,0,,,,
1415236747.85503,public,region,2,10,0,0,5,0,0,0,5,0,1,3,0,0,,,,
1415236747.85503,pg_toast,pg_toast_11615,0,0,0,0,0,0,0,0,0,0,0,0,0,0,,,,
1415236747.85503,public,customer,6,9000000,0,0,1500000,0,0,0,1500000,0,68533,294857,0,0,,,,
1415236747.85503,pg_catalog,pg_description,0,0,1854,0,0,0,0,0,0,0,0,0,556,3578,0,0,0,0
1415236747.85503,pg_catalog,pg_language,0,0,0,0,0,0,0,0,0,0,0,0,0,0,,,,
1415236747.85503,public,lineitem,0,0,,,0,0,0,0,0,0,0,0,,,,,,
1415236747.85503,pg_catalog,pg_ts_parser,0,0,0,0,0,0,0,0,0,0,0,0,0,0,,,,
1415236747.85503,pg_catalog,pg_shseclabel,0,0,0,0,0,0,0,0,0,0,0,0,0,0,,,,
1415236747.85503,pg_catalog,pg_foreign_table,0,0,0,0,0,0,0,0,0,0,0,0,0,0,,,,
1415236747.85503,pg_toast,pg_toast_11620,0,0,0,0,0,0,0,0,0,0,0,0,0,0,,,,
1415236747.85503,pg_catalog,pg_attrdef,0,0,0,0,0,0,0,0,0,0,0,0,0,0,0,0,0,0
1415236747.85503,pg_catalog,pg_ts_template,0,0,0,0,0,0,0,0,0,0,0,0,0,0,,,,
1415236747.85503,pg_catalog,pg_foreign_server,0,0,0,0,0,0,0,0,0,0,0,0,0,0,,,,
1415236747.85503,pg_catalog,pg_default_acl,0,0,1744,0,0,0,0,0,0,0,0,0,179,1565,,,,
1415236747.85503,pg_toast,pg_toast_11595,0,0,0,0,0,0,0,0,0,0,0,0,0,0,,,,
1415236747.85503,information_schema,sql_packages,0,0,,,0,0,0,0,0,0,0,0,,,0,0,0,0
1415236747.85503,public,supplier,4,400000,0,0,100000,0,0,0,100000,0,2312,15648,0,0,,,,
1415236747.85503,pg_catalog,pg_attribute,1012,6716,300554,665076,2696,68,2532,54,2411,346,5856,322567,1638,626824,,,,
1415236747.85503,pg_catalog,pg_statistic,0,0,82391,79029,556,1751,518,1389,487,24,5701,78349,630,176905,15405,79517,198,69458
1415236747.85503,pg_toast,pg_toast_2618,0,0,1598,5184,0,0,0,0,0,0,1252,1535,442,1974,,,,
1415236747.85503,pg_toast,pg_toast_3596,0,0,0,0,0,0,0,0,0,0,0,0,0,0,,,,
1415236747.85503,information_schema,sql_features,0,0,,,0,0,0,0,0,0,0,0,,,0,0,0,0
1415236747.85503,pg_catalog,pg_depend,0,0,17787,19098,3293,0,3224,0,6273,721,2874,22145,4540,45998,,,,
1415236747.85503,pg_toast,pg_toast_11605,0,0,0,0,0,0,0,0,0,0,0,0,0,0,,,,
1415236747.85503,pg_catalog,pg_opclass,184,184,87906,945130,0,0,0,0,0,0,110,337690,427,108763,,,,
1415236747.85503,pg_catalog,pg_proc,0,0,132808,196562,0,0,0,0,0,0,8756,138502,3164,293409,0,0,0,0
1415236747.85503,pg_catalog,pg_trigger,0,0,0,0,0,0,0,0,0,0,0,0,0,0,0,0,0,0
1415236747.85503,information_schema,sql_languages,0,0,,,0,0,0,0,0,0,0,0,,,0,0,0,0
1415236747.85503,pg_catalog,pg_am,15283,15283,0,0,0,0,0,0,0,0,46,15237,0,0,,,,
1415236747.85503,pg_catalog,pg_largeobject_metadata,0,0,0,0,0,0,0,0,0,0,0,0,0,0,,,,
1415236747.85503,pg_catalog,pg_ts_config_map,0,0,0,0,0,0,0,0,0,0,0,0,0,0,,,,
1415236747.85503,pg_catalog,pg_type,0,0,336114,332846,865,0,846,0,349,83,1361,335094,2128,671850,,,,
1415236747.85503,public,partsupp,3,24000000,0,0,8000000,0,0,0,8000000,0,340611,954509,0,0,,,,
1415236747.85503,information_schema,sql_sizing_profiles,0,0,,,0,0,0,0,0,0,0,0,,,0,0,0,0
1415236747.85503,pg_catalog,pg_shdepend,0,0,2310,455,0,0,0,0,0,0,202,253,790,2384,,,,
1415236747.85503,pg_catalog,pg_conversion,0,0,0,0,0,0,0,0,0,0,0,0,0,0,,,,
1415236747.85503,pg_catalog,pg_foreign_data_wrapper,0,0,0,0,0,0,0,0,0,0,0,0,0,0,,,,
1415236747.85503,pg_catalog,pg_opfamily,0,0,0,0,0,0,0,0,0,0,0,0,0,0,,,,
1415236747.85503,pg_catalog,pg_shdescription,0,0,0,0,0,0,0,0,0,0,0,0,0,0,0,0,0,0
1415236747.85503,pg_catalog,pg_tablespace,2,4,10663,10663,0,0,0,0,0,0,65,10600,130,21196,,,,
1415236747.85503,pg_catalog,pg_inherits,0,0,426,0,0,0,0,0,0,0,0,0,204,222,,,,
1415236747.85503,pg_toast,pg_toast_2606,0,0,0,0,0,0,0,0,0,0,0,0,0,0,,,,
1415236747.85503,pg_toast,pg_toast_2964,0,0,0,0,0,0,0,0,0,0,0,0,0,0,,,,
1415236747.85503,pg_catalog,pg_database,1199,4637,53165,53163,1,0,0,0,1,0,14,54349,181,83724,,,,
1415236747.85503,pg_toast,pg_toast_2620,0,0,0,0,0,0,0,0,0,0,0,0,0,0,,,,
1415236747.85503,information_schema,sql_sizing,0,0,,,0,0,0,0,0,0,0,0,,,0,0,0,0
1415236747.85503,pg_catalog,pg_amproc,184,368,64638,96202,0,0,0,0,0,0,156,63143,133,144116,,,,
1415236747.85503,pg_catalog,pg_collation,0,0,0,0,0,0,0,0,0,0,0,0,0,0,,,,
1415236747.85503,pg_catalog,pg_constraint,0,0,103,48,55,0,48,0,9,48,31,290,56,535,0,0,0,0
1415236747.85503,public,time_statistics,0,0,,,1,0,0,0,1,0,1,0,,,,,,
1415236747.85503,pg_catalog,pg_range,0,0,3422,0,0,0,0,0,0,0,0,0,505,6339,,,,
1415236747.85503,pg_toast,pg_toast_11600,0,0,0,0,0,0,0,0,0,0,0,0,0,0,,,,
1415236747.85503,pg_toast,pg_toast_11590,0,0,0,0,0,0,0,0,0,0,0,0,0,0,,,,
1415236747.85503,information_schema,sql_implementation_info,0,0,,,0,0,0,0,0,0,0,0,,,0,0,0,0
1415236747.85503,pg_catalog,pg_user_mapping,0,0,0,0,0,0,0,0,0,0,0,0,0,0,,,,
1415236747.85503,pg_catalog,pg_largeobject,0,0,0,0,0,0,0,0,0,0,0,0,0,0,,,,
1415236747.85503,pg_catalog,pg_namespace,982,16308,73272,58689,18,0,0,0,18,0,78,59639,1103,88719,,,,
1415236747.85503,public,orders,4,60000000,0,0,15000000,0,0,0,15000000,0,504554,1558780,0,0,,,,
1415236747.85503,information_schema,sql_parts,0,0,,,0,0,0,0,0,0,0,0,,,0,0,0,0
1415236747.85503,pg_catalog,pg_authid,442,442,29339,29339,0,0,0,0,0,0,51,29730,210,58468,,,,
1415236747.85503,pg_catalog,pg_index,2223,215638,146683,212677,310,0,290,0,130,0,726,195166,292,170066,,,,
1415236747.85503,pg_catalog,pg_ts_dict,0,0,0,0,0,0,0,0,0,0,0,0,0,0,,,,
1415236747.85503,pg_catalog,pg_class,5444,1177226,384734,357655,746,244,716,232,318,110,1633,403770,595,754883,,,,
1415236747.85503,pg_toast,pg_toast_2396,0,0,0,0,0,0,0,0,0,0,0,0,0,0,,,,
1415236747.85503,pg_catalog,pg_enum,0,0,0,0,0,0,0,0,0,0,0,0,0,0,,,,
1415236747.85503,pg_catalog,pg_db_role_setting,0,0,46146,0,0,0,0,0,0,0,0,0,45,46101,0,0,0,0
1415236747.85503,pg_catalog,pg_seclabel,0,0,1854,0,0,0,0,0,0,0,0,0,176,1678,0,0,0,0
1415236747.85503,pg_toast,pg_toast_2609,0,0,0,0,0,0,0,0,0,0,0,0,0,0,,,,
1415236747.85503,pg_toast,pg_toast_1255,0,0,0,0,0,0,0,0,0,0,0,0,0,0,,,,
1415236747.85503,pg_catalog,pg_rewrite,0,0,4232,3500,244,0,244,0,106,39,2115,3262,887,6325,1252,1535,442,1974
1415236747.85503,pg_catalog,pg_ts_config,0,0,0,0,0,0,0,0,0,0,0,0,0,0,,,,
1415236747.85503,pg_catalog,pg_extension,0,0,0,0,0,0,0,0,0,0,0,0,0,0,,,,
1415236747.85503,pg_catalog,pg_amop,0,0,130140,189292,0,0,0,0,0,0,241,189051,793,277155,,,,
1415236747.85503,pg_catalog,pg_cast,0,0,470564,116482,0,0,0,0,0,0,178,116304,102,484654,,,,
1415236747.85503,public,part,6,12000000,0,0,2000000,0,0,0,2000000,0,79007,287193,0,0,,,,
1415236747.85503,pg_toast,pg_toast_2619,0,0,59521,198433,2138,0,1953,0,199,6,15405,79517,198,69458,,,,
1415236747.85503,pg_toast,pg_toast_11610,0,0,0,0,0,0,0,0,0,0,0,0,0,0,,,,
1415236747.85503,pg_toast,pg_toast_2604,0,0,0,0,0,0,0,0,0,0,0,0,0,0,,,,
1415236807.85724,pg_catalog,pg_auth_members,0,0,0,0,0,0,0,0,0,0,0,0,0,0,,,,
1415236807.85724,pg_catalog,pg_operator,0,0,112506,563574,0,0,0,0,0,0,1289,397285,1129,245764,,,,
1415236807.85724,public,nation,2,50,0,0,25,0,0,0,25,0,1,3,0,0,,,,
1415236807.85724,pg_catalog,pg_aggregate,0,0,7711,7711,0,0,0,0,0,0,193,7518,502,12968,,,,
1415236807.85724,pg_catalog,pg_pltemplate,0,0,0,0,0,0,0,0,0,0,0,0,0,0,,,,
1415236807.85724,public,region,2,10,0,0,5,0,0,0,5,0,1,3,0,0,,,,
1415236807.85724,pg_toast,pg_toast_11615,0,0,0,0,0,0,0,0,0,0,0,0,0,0,,,,
1415236807.85724,public,customer,6,9000000,0,0,1500000,0,0,0,1500000,0,68533,294857,0,0,,,,
1415236807.85724,pg_catalog,pg_description,0,0,1854,0,0,0,0,0,0,0,0,0,556,3578,0,0,0,0
1415236807.85724,pg_catalog,pg_language,0,0,0,0,0,0,0,0,0,0,0,0,0,0,,,,
1415236807.85724,public,lineitem,0,0,,,0,0,0,0,0,0,0,0,,,,,,
1415236807.85724,pg_catalog,pg_ts_parser,0,0,0,0,0,0,0,0,0,0,0,0,0,0,,,,
1415236807.85724,pg_catalog,pg_shseclabel,0,0,0,0,0,0,0,0,0,0,0,0,0,0,,,,
1415236807.85724,pg_catalog,pg_foreign_table,0,0,0,0,0,0,0,0,0,0,0,0,0,0,,,,
1415236807.85724,pg_toast,pg_toast_11620,0,0,0,0,0,0,0,0,0,0,0,0,0,0,,,,
1415236807.85724,pg_catalog,pg_attrdef,0,0,0,0,0,0,0,0,0,0,0,0,0,0,0,0,0,0
1415236807.85724,pg_catalog,pg_ts_template,0,0,0,0,0,0,0,0,0,0,0,0,0,0,,,,
1415236807.85724,pg_catalog,pg_foreign_server,0,0,0,0,0,0,0,0,0,0,0,0,0,0,,,,
1415236807.85724,pg_catalog,pg_default_acl,0,0,1744,0,0,0,0,0,0,0,0,0,179,1565,,,,
1415236807.85724,pg_toast,pg_toast_11595,0,0,0,0,0,0,0,0,0,0,0,0,0,0,,,,
1415236807.85724,information_schema,sql_packages,0,0,,,0,0,0,0,0,0,0,0,,,0,0,0,0
1415236807.85724,public,supplier,4,400000,0,0,100000,0,0,0,100000,0,2312,15648,0,0,,,,
1415236807.85724,pg_catalog,pg_attribute,1012,6716,300773,665449,2696,68,2532,54,2411,346,5856,322787,1638,627268,,,,
1415236807.85724,pg_catalog,pg_statistic,0,0,82427,79050,565,1751,518,1389,496,24,5701,78387,630,177002,15405,79559,198,69496
1415236807.85724,pg_toast,pg_toast_2618,0,0,1602,5197,0,0,0,0,0,0,1252,1542,442,1980,,,,
1415236807.85724,pg_toast,pg_toast_3596,0,0,0,0,0,0,0,0,0,0,0,0,0,0,,,,
1415236807.85724,information_schema,sql_features,0,0,,,0,0,0,0,0,0,0,0,,,0,0,0,0
1415236807.85724,pg_catalog,pg_depend,0,0,17787,19098,3293,0,3224,0,6273,721,2874,22145,4540,45998,,,,
1415236807.85724,pg_toast,pg_toast_11605,0,0,0,0,0,0,0,0,0,0,0,0,0,0,,,,
1415236807.85724,pg_catalog,pg_opclass,184,184,87938,945554,0,0,0,0,0,0,110,337816,427,108806,,,,
1415236807.85724,pg_catalog,pg_proc,0,0,132890,196686,0,0,0,0,0,0,8756,138602,3164,293591,0,0,0,0
1415236807.85724,pg_catalog,pg_trigger,0,0,0,0,0,0,0,0,0,0,0,0,0,0,0,0,0,0
1415236807.85724,information_schema,sql_languages,0,0,,,0,0,0,0,0,0,0,0,,,0,0,0,0
1415236807.85724,pg_catalog,pg_am,15289,15289,0,0,0,0,0,0,0,0,46,15243,0,0,,,,
1415236807.85724,pg_catalog,pg_largeobject_metadata,0,0,0,0,0,0,0,0,0,0,0,0,0,0,,,,
1415236807.85724,pg_catalog,pg_ts_config_map,0,0,0,0,0,0,0,0,0,0,0,0,0,0,,,,
1415236807.85724,pg_catalog,pg_type,0,0,336229,332961,865,0,846,0,349,83,1361,335209,2128,672087,,,,
1415236807.85724,public,partsupp,3,24000000,0,0,8000000,0,0,0,8000000,0,340611,954509,0,0,,,,
1415236807.85724,information_schema,sql_sizing_profiles,0,0,,,0,0,0,0,0,0,0,0,,,0,0,0,0
1415236807.85724,pg_catalog,pg_shdepend,0,0,2310,455,0,0,0,0,0,0,202,253,790,2384,,,,
1415236807.85724,pg_catalog,pg_conversion,0,0,0,0,0,0,0,0,0,0,0,0,0,0,,,,
1415236807.85724,pg_catalog,pg_foreign_data_wrapper,0,0,0,0,0,0,0,0,0,0,0,0,0,0,,,,
1415236807.85724,pg_catalog,pg_opfamily,0,0,0,0,0,0,0,0,0,0,0,0,0,0,,,,
1415236807.85724,pg_catalog,pg_shdescription,0,0,0,0,0,0,0,0,0,0,0,0,0,0,0,0,0,0
1415236807.85724,pg_catalog,pg_tablespace,2,4,10669,10669,0,0,0,0,0,0,65,10606,130,21208,,,,
1415236807.85724,pg_catalog,pg_inherits,0,0,426,0,0,0,0,0,0,0,0,0,204,222,,,,
1415236807.85724,pg_toast,pg_toast_2606,0,0,0,0,0,0,0,0,0,0,0,0,0,0,,,,
1415236807.85724,pg_toast,pg_toast_2964,0,0,0,0,0,0,0,0,0,0,0,0,0,0,,,,
1415236807.85724,pg_catalog,pg_database,1202,4649,53195,53193,1,0,0,0,1,0,14,54382,181,83768,,,,
1415236807.85724,pg_toast,pg_toast_2620,0,0,0,0,0,0,0,0,0,0,0,0,0,0,,,,
1415236807.85724,information_schema,sql_sizing,0,0,,,0,0,0,0,0,0,0,0,,,0,0,0,0
1415236807.85724,pg_catalog,pg_amproc,184,368,64666,96238,0,0,0,0,0,0,156,63169,133,144178,,,,
1415236807.85724,pg_catalog,pg_collation,0,0,0,0,0,0,0,0,0,0,0,0,0,0,,,,
1415236807.85724,pg_catalog,pg_constraint,0,0,103,48,55,0,48,0,9,48,31,290,56,535,0,0,0,0
1415236807.85724,public,time_statistics,0,0,,,1,0,0,0,1,0,1,0,,,,,,
1415236807.85724,pg_catalog,pg_range,0,0,3422,0,0,0,0,0,0,0,0,0,505,6339,,,,
1415236807.85724,pg_toast,pg_toast_11600,0,0,0,0,0,0,0,0,0,0,0,0,0,0,,,,
1415236807.85724,pg_toast,pg_toast_11590,0,0,0,0,0,0,0,0,0,0,0,0,0,0,,,,
1415236807.85724,information_schema,sql_implementation_info,0,0,,,0,0,0,0,0,0,0,0,,,0,0,0,0
1415236807.85724,pg_catalog,pg_user_mapping,0,0,0,0,0,0,0,0,0,0,0,0,0,0,,,,
1415236807.85724,pg_catalog,pg_largeobject,0,0,0,0,0,0,0,0,0,0,0,0,0,0,,,,
1415236807.85724,pg_catalog,pg_namespace,984,16356,73422,58832,18,0,0,0,18,0,78,59784,1103,88877,,,,
1415236807.85724,public,orders,4,60000000,0,0,15000000,0,0,0,15000000,0,504554,1558780,0,0,,,,
1415236807.85724,information_schema,sql_parts,0,0,,,0,0,0,0,0,0,0,0,,,0,0,0,0
1415236807.85724,pg_catalog,pg_authid,443,443,29349,29349,0,0,0,0,0,0,51,29741,210,58488,,,,
1415236807.85724,pg_catalog,pg_index,2227,216158,146729,212738,310,0,290,0,130,0,726,195239,292,170125,,,,
1415236807.85724,pg_catalog,pg_ts_dict,0,0,0,0,0,0,0,0,0,0,0,0,0,0,,,,
1415236807.85724,pg_catalog,pg_class,5456,1180489,385078,357998,746,244,716,232,318,110,1633,404222,595,755585,,,,
1415236807.85724,pg_toast,pg_toast_2396,0,0,0,0,0,0,0,0,0,0,0,0,0,0,,,,
1415236807.85724,pg_catalog,pg_enum,0,0,0,0,0,0,0,0,0,0,0,0,0,0,,,,
1415236807.85724,pg_catalog,pg_db_role_setting,0,0,46167,0,0,0,0,0,0,0,0,0,45,46122,0,0,0,0
1415236807.85724,pg_catalog,pg_seclabel,0,0,1854,0,0,0,0,0,0,0,0,0,176,1678,0,0,0,0
1415236807.85724,pg_toast,pg_toast_2609,0,0,0,0,0,0,0,0,0,0,0,0,0,0,,,,
1415236807.85724,pg_toast,pg_toast_1255,0,0,0,0,0,0,0,0,0,0,0,0,0,0,,,,
1415236807.85724,pg_catalog,pg_rewrite,0,0,4240,3508,244,0,244,0,106,39,2115,3270,887,6339,1252,1542,442,1980
1415236807.85724,pg_catalog,pg_ts_config,0,0,0,0,0,0,0,0,0,0,0,0,0,0,,,,
1415236807.85724,pg_catalog,pg_extension,0,0,0,0,0,0,0,0,0,0,0,0,0,0,,,,
1415236807.85724,pg_catalog,pg_amop,0,0,130199,189362,0,0,0,0,0,0,241,189121,793,277285,,,,
1415236807.85724,pg_catalog,pg_cast,0,0,470722,116527,0,0,0,0,0,0,178,116349,102,484819,,,,
1415236807.85724,public,part,6,12000000,0,0,2000000,0,0,0,2000000,0,79007,327715,0,0,,,,
1415236807.85724,pg_toast,pg_toast_2619,0,0,59531,198441,2161,0,1953,0,222,6,15405,79559,198,69496,,,,
1415236807.85724,pg_toast,pg_toast_11610,0,0,0,0,0,0,0,0,0,0,0,0,0,0,,,,
1415236807.85724,pg_toast,pg_toast_2604,0,0,0,0,0,0,0,0,0,0,0,0,0,0,,,,
1415236867.8637,pg_catalog,pg_auth_members,0,0,0,0,0,0,0,0,0,0,0,0,0,0,,,,
1415236867.8637,pg_catalog,pg_operator,0,0,112521,563589,0,0,0,0,0,0,1289,397300,1129,245800,,,,
1415236867.8637,public,nation,2,50,0,0,25,0,0,0,25,0,1,3,0,0,,,,
1415236867.8637,pg_catalog,pg_aggregate,0,0,7712,7712,0,0,0,0,0,0,193,7519,502,12970,,,,
1415236867.8637,pg_catalog,pg_pltemplate,0,0,0,0,0,0,0,0,0,0,0,0,0,0,,,,
1415236867.8637,public,region,2,10,0,0,5,0,0,0,5,0,1,3,0,0,,,,
1415236867.8637,pg_toast,pg_toast_11615,0,0,0,0,0,0,0,0,0,0,0,0,0,0,,,,
1415236867.8637,public,customer,6,9000000,0,0,1500000,0,0,0,1500000,0,68533,294857,0,0,,,,
1415236867.8637,pg_catalog,pg_description,0,0,1854,0,0,0,0,0,0,0,0,0,556,3578,0,0,0,0
1415236867.8637,pg_catalog,pg_language,0,0,0,0,0,0,0,0,0,0,0,0,0,0,,,,
1415236867.8637,public,lineitem,0,0,,,0,0,0,0,0,0,0,0,,,,,,
1415236867.8637,pg_catalog,pg_ts_parser,0,0,0,0,0,0,0,0,0,0,0,0,0,0,,,,
1415236867.8637,pg_catalog,pg_shseclabel,0,0,0,0,0,0,0,0,0,0,0,0,0,0,,,,
1415236867.8637,pg_catalog,pg_foreign_table,0,0,0,0,0,0,0,0,0,0,0,0,0,0,,,,
1415236867.8637,pg_toast,pg_toast_11620,0,0,0,0,0,0,0,0,0,0,0,0,0,0,,,,
1415236867.8637,pg_catalog,pg_attrdef,0,0,0,0,0,0,0,0,0,0,0,0,0,0,0,0,0,0
1415236867.8637,pg_catalog,pg_ts_template,0,0,0,0,0,0,0,0,0,0,0,0,0,0,,,,
1415236867.8637,pg_catalog,pg_foreign_server,0,0,0,0,0,0,0,0,0,0,0,0,0,0,,,,
1415236867.8637,pg_catalog,pg_default_acl,0,0,1744,0,0,0,0,0,0,0,0,0,179,1565,,,,
1415236867.8637,pg_toast,pg_toast_11595,0,0,0,0,0,0,0,0,0,0,0,0,0,0,,,,
1415236867.8637,information_schema,sql_packages,0,0,,,0,0,0,0,0,0,0,0,,,0,0,0,0
1415236867.8637,public,supplier,4,400000,0,0,100000,0,0,0,100000,0,2312,15648,0,0,,,,
1415236867.8637,pg_catalog,pg_attribute,1012,6716,300954,665736,2696,68,2532,54,2411,346,5856,322969,1638,627636,,,,
1415236867.8637,pg_catalog,pg_statistic,0,0,82450,79067,565,1751,518,1389,496,24,5701,78404,630,177052,15405,79561,198,69500
1415236867.8637,pg_toast,pg_toast_2618,0,0,1606,5210,0,0,0,0,0,0,1252,1549,442,1986,,,,
1415236867.8637,pg_toast,pg_toast_3596,0,0,0,0,0,0,0,0,0,0,0,0,0,0,,,,
1415236867.8637,information_schema,sql_features,0,0,,,0,0,0,0,0,0,0,0,,,0,0,0,0
1415236867.8637,pg_catalog,pg_depend,0,0,17787,19098,3293,0,3224,0,6273,721,2874,22145,4540,45998,,,,
1415236867.8637,pg_toast,pg_toast_11605,0,0,0,0,0,0,0,0,0,0,0,0,0,0,,,,
1415236867.8637,pg_catalog,pg_opclass,184,184,87950,945646,0,0,0,0,0,0,110,337844,427,108826,,,,
1415236867.8637,pg_catalog,pg_proc,0,0,132960,196784,0,0,0,0,0,0,8756,138684,3164,293743,0,0,0,0
1415236867.8637,pg_catalog,pg_trigger,0,0,0,0,0,0,0,0,0,0,0,0,0,0,0,0,0,0
1415236867.8637,information_schema,sql_languages,0,0,,,0,0,0,0,0,0,0,0,,,0,0,0,0
1415236867.8637,pg_catalog,pg_am,15295,15295,0,0,0,0,0,0,0,0,46,15249,0,0,,,,
1415236867.8637,pg_catalog,pg_largeobject_metadata,0,0,0,0,0,0,0,0,0,0,0,0,0,0,,,,
1415236867.8637,pg_catalog,pg_ts_config_map,0,0,0,0,0,0,0,0,0,0,0,0,0,0,,,,
1415236867.8637,pg_catalog,pg_type,0,0,336299,333031,865,0,846,0,349,83,1361,335279,2128,672231,,,,
1415236867.8637,public,partsupp,3,24000000,0,0,8000000,0,0,0,8000000,0,340611,954509,0,0,,,,
1415236867.8637,information_schema,sql_sizing_profiles,0,0,,,0,0,0,0,0,0,0,0,,,0,0,0,0
1415236867.8637,pg_catalog,pg_shdepend,0,0,2310,455,0,0,0,0,0,0,202,253,790,2384,,,,
1415236867.8637,pg_catalog,pg_conversion,0,0,0,0,0,0,0,0,0,0,0,0,0,0,,,,
1415236867.8637,pg_catalog,pg_foreign_data_wrapper,0,0,0,0,0,0,0,0,0,0,0,0,0,0,,,,
1415236867.8637,pg_catalog,pg_opfamily,0,0,0,0,0,0,0,0,0,0,0,0,0,0,,,,
1415236867.8637,pg_catalog,pg_shdescription,0,0,0,0,0,0,0,0,0,0,0,0,0,0,0,0,0,0
1415236867.8637,pg_catalog,pg_tablespace,2,4,10673,10673,0,0,0,0,0,0,65,10610,130,21216,,,,
1415236867.8637,pg_catalog,pg_inherits,0,0,426,0,0,0,0,0,0,0,0,0,204,222,,,,
1415236867.8637,pg_toast,pg_toast_2606,0,0,0,0,0,0,0,0,0,0,0,0,0,0,,,,
1415236867.8637,pg_toast,pg_toast_2964,0,0,0,0,0,0,0,0,0,0,0,0,0,0,,,,
1415236867.8637,pg_catalog,pg_database,1205,4661,53223,53221,1,0,0,0,1,0,14,54413,181,83810,,,,
1415236867.8637,pg_toast,pg_toast_2620,0,0,0,0,0,0,0,0,0,0,0,0,0,0,,,,
1415236867.8637,information_schema,sql_sizing,0,0,,,0,0,0,0,0,0,0,0,,,0,0,0,0
1415236867.8637,pg_catalog,pg_amproc,184,368,64678,96258,0,0,0,0,0,0,156,63181,133,144208,,,,
1415236867.8637,pg_catalog,pg_collation,0,0,0,0,0,0,0,0,0,0,0,0,0,0,,,,
1415236867.8637,pg_catalog,pg_constraint,0,0,103,48,55,0,48,0,9,48,31,290,56,535,0,0,0,0
1415236867.8637,public,time_statistics,0,0,,,1,0,0,0,1,0,1,0,,,,,,
1415236867.8637,pg_catalog,pg_range,0,0,3422,0,0,0,0,0,0,0,0,0,505,6339,,,,
1415236867.8637,pg_toast,pg_toast_11600,0,0,0,0,0,0,0,0,0,0,0,0,0,0,,,,
1415236867.8637,pg_toast,pg_toast_11590,0,0,0,0,0,0,0,0,0,0,0,0,0,0,,,,
1415236867.8637,information_schema,sql_implementation_info,0,0,,,0,0,0,0,0,0,0,0,,,0,0,0,0
1415236867.8637,pg_catalog,pg_user_mapping,0,0,0,0,0,0,0,0,0,0,0,0,0,0,,,,
1415236867.8637,pg_catalog,pg_largeobject,0,0,0,0,0,0,0,0,0,0,0,0,0,0,,,,
1415236867.8637,pg_catalog,pg_namespace,986,16404,73564,58970,18,0,0,0,18,0,78,59924,1103,89024,,,,
1415236867.8637,public,orders,4,60000000,0,0,15000000,0,0,0,15000000,0,504554,1558780,0,0,,,,
1415236867.8637,information_schema,sql_parts,0,0,,,0,0,0,0,0,0,0,0,,,0,0,0,0
1415236867.8637,pg_catalog,pg_authid,444,444,29359,29359,0,0,0,0,0,0,51,29752,210,58508,,,,
1415236867.8637,pg_catalog,pg_index,2231,216678,146760,212778,310,0,290,0,130,0,726,195294,292,170166,,,,
1415236867.8637,pg_catalog,pg_ts_dict,0,0,0,0,0,0,0,0,0,0,0,0,0,0,,,,
1415236867.8637,pg_catalog,pg_class,5466,1183116,385389,358309,746,244,716,232,318,110,1633,404624,595,756218,,,,
1415236867.8637,pg_toast,pg_toast_2396,0,0,0,0,0,0,0,0,0,0,0,0,0,0,,,,
1415236867.8637,pg_catalog,pg_enum,0,0,0,0,0,0,0,0,0,0,0,0,0,0,,,,
1415236867.8637,pg_catalog,pg_db_role_setting,0,0,46188,0,0,0,0,0,0,0,0,0,45,46143,0,0,0,0
1415236867.8637,pg_catalog,pg_seclabel,0,0,1854,0,0,0,0,0,0,0,0,0,176,1678,0,0,0,0
1415236867.8637,pg_toast,pg_toast_2609,0,0,0,0,0,0,0,0,0,0,0,0,0,0,,,,
1415236867.8637,pg_toast,pg_toast_1255,0,0,0,0,0,0,0,0,0,0,0,0,0,0,,,,
1415236867.8637,pg_catalog,pg_rewrite,0,0,4246,3514,244,0,244,0,106,39,2115,3276,887,6349,1252,1549,442,1986
1415236867.8637,pg_catalog,pg_ts_config,0,0,0,0,0,0,0,0,0,0,0,0,0,0,,,,
1415236867.8637,pg_catalog,pg_extension,0,0,0,0,0,0,0,0,0,0,0,0,0,0,,,,
1415236867.8637,pg_catalog,pg_amop,0,0,130222,189391,0,0,0,0,0,0,241,189150,793,277337,,,,
1415236867.8637,pg_catalog,pg_cast,0,0,470762,116549,0,0,0,0,0,0,178,116371,102,484863,,,,
1415236867.8637,public,part,6,12000000,0,0,2000000,0,0,0,2000000,0,79007,327715,0,0,,,,
1415236867.8637,pg_toast,pg_toast_2619,0,0,59533,198445,2161,0,1953,0,222,6,15405,79561,198,69500,,,,
1415236867.8637,pg_toast,pg_toast_11610,0,0,0,0,0,0,0,0,0,0,0,0,0,0,,,,
1415236867.8637,pg_toast,pg_toast_2604,0,0,0,0,0,0,0,0,0,0,0,0,0,0,,,,
1415236927.86362,pg_catalog,pg_auth_members,0,0,0,0,0,0,0,0,0,0,0,0,0,0,,,,
1415236927.86362,pg_catalog,pg_operator,0,0,112538,563606,0,0,0,0,0,0,1289,397317,1129,245842,,,,
1415236927.86362,public,nation,2,50,0,0,25,0,0,0,25,0,1,3,0,0,,,,
1415236927.86362,pg_catalog,pg_aggregate,0,0,7713,7713,0,0,0,0,0,0,193,7520,502,12972,,,,
1415236927.86362,pg_catalog,pg_pltemplate,0,0,0,0,0,0,0,0,0,0,0,0,0,0,,,,
1415236927.86362,public,region,2,10,0,0,5,0,0,0,5,0,1,3,0,0,,,,
1415236927.86362,pg_toast,pg_toast_11615,0,0,0,0,0,0,0,0,0,0,0,0,0,0,,,,
1415236927.86362,public,customer,6,9000000,0,0,1500000,0,0,0,1500000,0,68533,294857,0,0,,,,
1415236927.86362,pg_catalog,pg_description,0,0,1854,0,0,0,0,0,0,0,0,0,556,3578,0,0,0,0
1415236927.86362,pg_catalog,pg_language,0,0,0,0,0,0,0,0,0,0,0,0,0,0,,,,
1415236927.86362,public,lineitem,0,0,,,59986052,0,0,0,59986052,0,1065680,2307885,,,,,,
1415236927.86362,pg_catalog,pg_ts_parser,0,0,0,0,0,0,0,0,0,0,0,0,0,0,,,,
1415236927.86362,pg_catalog,pg_shseclabel,0,0,0,0,0,0,0,0,0,0,0,0,0,0,,,,
1415236927.86362,pg_catalog,pg_foreign_table,0,0,0,0,0,0,0,0,0,0,0,0,0,0,,,,
1415236927.86362,pg_toast,pg_toast_11620,0,0,0,0,0,0,0,0,0,0,0,0,0,0,,,,
1415236927.86362,pg_catalog,pg_attrdef,0,0,0,0,0,0,0,0,0,0,0,0,0,0,0,0,0,0
1415236927.86362,pg_catalog,pg_ts_template,0,0,0,0,0,0,0,0,0,0,0,0,0,0,,,,
1415236927.86362,pg_catalog,pg_foreign_server,0,0,0,0,0,0,0,0,0,0,0,0,0,0,,,,
1415236927.86362,pg_catalog,pg_default_acl,0,0,1744,0,0,0,0,0,0,0,0,0,179,1565,,,,
1415236927.86362,pg_toast,pg_toast_11595,0,0,0,0,0,0,0,0,0,0,0,0,0,0,,,,
1415236927.86362,information_schema,sql_packages,0,0,,,0,0,0,0,0,0,0,0,,,0,0,0,0
1415236927.86362,public,supplier,4,400000,0,0,100000,0,0,0,100000,0,2312,15648,0,0,,,,
1415236927.86362,pg_catalog,pg_attribute,1012,6716,301162,666106,2696,68,2532,54,2411,346,5856,323178,1638,628066,,,,
1415236927.86362,pg_catalog,pg_statistic,0,0,82475,79086,565,1751,518,1389,496,24,5701,78423,630,177107,15405,79564,198,69506
1415236927.86362,pg_toast,pg_toast_2618,0,0,1610,5223,0,0,0,0,0,0,1252,1556,442,1992,,,,
1415236927.86362,pg_toast,pg_toast_3596,0,0,0,0,0,0,0,0,0,0,0,0,0,0,,,,
1415236927.86362,information_schema,sql_features,0,0,,,0,0,0,0,0,0,0,0,,,0,0,0,0
1415236927.86362,pg_catalog,pg_depend,0,0,17787,19098,3293,0,3224,0,6273,721,2874,22145,4540,45998,,,,
1415236927.86362,pg_toast,pg_toast_11605,0,0,0,0,0,0,0,0,0,0,0,0,0,0,,,,
1415236927.86362,pg_catalog,pg_opclass,184,184,87975,945827,0,0,0,0,0,0,110,337908,427,108868,,,,
1415236927.86362,pg_catalog,pg_proc,0,0,133036,196895,0,0,0,0,0,0,8756,138775,3164,293910,0,0,0,0
1415236927.86362,pg_catalog,pg_trigger,0,0,0,0,0,0,0,0,0,0,0,0,0,0,0,0,0,0
1415236927.86362,information_schema,sql_languages,0,0,,,0,0,0,0,0,0,0,0,,,0,0,0,0
1415236927.86362,pg_catalog,pg_am,15309,15309,0,0,0,0,0,0,0,0,46,15263,0,0,,,,
1415236927.86362,pg_catalog,pg_largeobject_metadata,0,0,0,0,0,0,0,0,0,0,0,0,0,0,,,,
1415236927.86362,pg_catalog,pg_ts_config_map,0,0,0,0,0,0,0,0,0,0,0,0,0,0,,,,
1415236927.86362,pg_catalog,pg_type,0,0,336394,333126,865,0,846,0,349,83,1361,335374,2128,672427,,,,
1415236927.86362,public,partsupp,3,24000000,0,0,8000000,0,0,0,8000000,0,340611,954509,0,0,,,,
1415236927.86362,information_schema,sql_sizing_profiles,0,0,,,0,0,0,0,0,0,0,0,,,0,0,0,0
1415236927.86362,pg_catalog,pg_shdepend,0,0,2310,455,0,0,0,0,0,0,202,253,790,2384,,,,
1415236927.86362,pg_catalog,pg_conversion,0,0,0,0,0,0,0,0,0,0,0,0,0,0,,,,
1415236927.86362,pg_catalog,pg_foreign_data_wrapper,0,0,0,0,0,0,0,0,0,0,0,0,0,0,,,,
1415236927.86362,pg_catalog,pg_opfamily,0,0,0,0,0,0,0,0,0,0,0,0,0,0,,,,
1415236927.86362,pg_catalog,pg_shdescription,0,0,0,0,0,0,0,0,0,0,0,0,0,0,0,0,0,0
1415236927.86362,pg_catalog,pg_tablespace,2,4,10678,10678,0,0,0,0,0,0,65,10615,130,21226,,,,
1415236927.86362,pg_catalog,pg_inherits,0,0,426,0,0,0,0,0,0,0,0,0,204,222,,,,
1415236927.86362,pg_toast,pg_toast_2606,0,0,0,0,0,0,0,0,0,0,0,0,0,0,,,,
1415236927.86362,pg_toast,pg_toast_2964,0,0,0,0,0,0,0,0,0,0,0,0,0,0,,,,
1415236927.86362,pg_catalog,pg_database,1208,4673,53276,53274,1,0,0,0,1,0,14,54469,181,83893,,,,
1415236927.86362,pg_toast,pg_toast_2620,0,0,0,0,0,0,0,0,0,0,0,0,0,0,,,,
1415236927.86362,information_schema,sql_sizing,0,0,,,0,0,0,0,0,0,0,0,,,0,0,0,0
1415236927.86362,pg_catalog,pg_amproc,184,368,64702,96299,0,0,0,0,0,0,156,63205,133,144270,,,,
1415236927.86362,pg_catalog,pg_collation,0,0,0,0,0,0,0,0,0,0,0,0,0,0,,,,
1415236927.86362,pg_catalog,pg_constraint,0,0,103,48,55,0,48,0,9,48,31,290,56,535,0,0,0,0
1415236927.86362,public,time_statistics,0,0,,,1,0,0,0,1,0,1,0,,,,,,
1415236927.86362,pg_catalog,pg_range,0,0,3422,0,0,0,0,0,0,0,0,0,505,6339,,,,
1415236927.86362,pg_toast,pg_toast_11600,0,0,0,0,0,0,0,0,0,0,0,0,0,0,,,,
1415236927.86362,pg_toast,pg_toast_11590,0,0,0,0,0,0,0,0,0,0,0,0,0,0,,,,
1415236927.86362,information_schema,sql_implementation_info,0,0,,,0,0,0,0,0,0,0,0,,,0,0,0,0
1415236927.86362,pg_catalog,pg_user_mapping,0,0,0,0,0,0,0,0,0,0,0,0,0,0,,,,
1415236927.86362,pg_catalog,pg_largeobject,0,0,0,0,0,0,0,0,0,0,0,0,0,0,,,,
1415236927.86362,pg_catalog,pg_namespace,988,16452,73712,59112,18,0,0,0,18,0,78,60068,1103,89180,,,,
1415236927.86362,public,orders,4,60000000,0,0,15000000,0,0,0,15000000,0,504554,1558780,0,0,,,,
1415236927.86362,information_schema,sql_parts,0,0,,,0,0,0,0,0,0,0,0,,,0,0,0,0
1415236927.86362,pg_catalog,pg_authid,445,445,29385,29385,0,0,0,0,0,0,51,29779,210,58560,,,,
1415236927.86362,pg_catalog,pg_index,2235,217198,146802,212830,310,0,290,0,130,0,726,195360,292,170227,,,,
1415236927.86362,pg_catalog,pg_ts_dict,0,0,0,0,0,0,0,0,0,0,0,0,0,0,,,,
1415236927.86362,pg_catalog,pg_class,5477,1186061,385729,358648,746,244,716,232,318,110,1633,405063,595,756919,,,,
1415236927.86362,pg_toast,pg_toast_2396,0,0,0,0,0,0,0,0,0,0,0,0,0,0,,,,
1415236927.86362,pg_catalog,pg_enum,0,0,0,0,0,0,0,0,0,0,0,0,0,0,,,,
1415236927.86362,pg_catalog,pg_db_role_setting,0,0,46233,0,0,0,0,0,0,0,0,0,45,46188,0,0,0,0
1415236927.86362,pg_catalog,pg_seclabel,0,0,1854,0,0,0,0,0,0,0,0,0,176,1678,0,0,0,0
1415236927.86362,pg_toast,pg_toast_2609,0,0,0,0,0,0,0,0,0,0,0,0,0,0,,,,
1415236927.86362,pg_toast,pg_toast_1255,0,0,0,0,0,0,0,0,0,0,0,0,0,0,,,,
1415236927.86362,pg_catalog,pg_rewrite,0,0,4253,3521,244,0,244,0,106,39,2115,3283,887,6361,1252,1556,442,1992
1415236927.86362,pg_catalog,pg_ts_config,0,0,0,0,0,0,0,0,0,0,0,0,0,0,,,,
1415236927.86362,pg_catalog,pg_extension,0,0,0,0,0,0,0,0,0,0,0,0,0,0,,,,
1415236927.86362,pg_catalog,pg_amop,0,0,130255,189432,0,0,0,0,0,0,241,189191,793,277411,,,,
1415236927.86362,pg_catalog,pg_cast,0,0,470830,116577,0,0,0,0,0,0,178,116399,102,484936,,,,
1415236927.86362,public,part,6,12000000,0,0,2000000,0,0,0,2000000,0,79007,327715,0,0,,,,
1415236927.86362,pg_toast,pg_toast_2619,0,0,59536,198451,2161,0,1953,0,222,6,15405,79564,198,69506,,,,
1415236927.86362,pg_toast,pg_toast_11610,0,0,0,0,0,0,0,0,0,0,0,0,0,0,,,,
1415236927.86362,pg_toast,pg_toast_2604,0,0,0,0,0,0,0,0,0,0,0,0,0,0,,,,
1415236987.86709,pg_catalog,pg_auth_members,0,0,0,0,0,0,0,0,0,0,0,0,0,0,,,,
1415236987.86709,pg_catalog,pg_operator,0,0,112562,563630,0,0,0,0,0,0,1289,397341,1130,245904,,,,
1415236987.86709,public,nation,2,50,0,0,25,0,0,0,25,0,1,3,0,0,,,,
1415236987.86709,pg_catalog,pg_aggregate,0,0,7714,7714,0,0,0,0,0,0,193,7521,502,12974,,,,
1415236987.86709,pg_catalog,pg_pltemplate,0,0,0,0,0,0,0,0,0,0,0,0,0,0,,,,
1415236987.86709,public,region,2,10,0,0,5,0,0,0,5,0,1,3,0,0,,,,
1415236987.86709,pg_toast,pg_toast_11615,0,0,0,0,0,0,0,0,0,0,0,0,0,0,,,,
1415236987.86709,public,customer,6,9000000,0,0,1500000,0,0,0,1500000,0,68533,294857,0,0,,,,
1415236987.86709,pg_catalog,pg_description,0,0,1854,0,0,0,0,0,0,0,0,0,556,3578,0,0,0,0
1415236987.86709,pg_catalog,pg_language,0,0,0,0,0,0,0,0,0,0,0,0,0,0,,,,
1415236987.86709,public,lineitem,2,119972104,0,0,59986052,0,0,0,59986052,0,2143161,3361238,0,0,,,,
1415236987.86709,pg_catalog,pg_ts_parser,0,0,0,0,0,0,0,0,0,0,0,0,0,0,,,,
1415236987.86709,pg_catalog,pg_shseclabel,0,0,0,0,0,0,0,0,0,0,0,0,0,0,,,,
1415236987.86709,pg_catalog,pg_foreign_table,0,0,0,0,0,0,0,0,0,0,0,0,0,0,,,,
1415236987.86709,pg_toast,pg_toast_11620,0,0,0,0,0,0,0,0,0,0,0,0,0,0,,,,
1415236987.86709,pg_catalog,pg_attrdef,0,0,0,0,0,0,0,0,0,0,0,0,0,0,0,0,0,0
1415236987.86709,pg_catalog,pg_ts_template,0,0,0,0,0,0,0,0,0,0,0,0,0,0,,,,
1415236987.86709,pg_catalog,pg_foreign_server,0,0,0,0,0,0,0,0,0,0,0,0,0,0,,,,
1415236987.86709,pg_catalog,pg_default_acl,0,0,1744,0,0,0,0,0,0,0,0,0,179,1565,,,,
1415236987.86709,pg_toast,pg_toast_11595,0,0,0,0,0,0,0,0,0,0,0,0,0,0,,,,
1415236987.86709,information_schema,sql_packages,0,0,,,0,0,0,0,0,0,0,0,,,0,0,0,0
1415236987.86709,public,supplier,4,400000,0,0,100000,0,0,0,100000,0,2312,15648,0,0,,,,
1415236987.86709,pg_catalog,pg_attribute,1012,6716,301400,666594,2698,68,2532,54,2413,346,5856,323425,1638,628558,,,,
1415236987.86709,pg_catalog,pg_statistic,0,0,82506,79109,565,1751,518,1389,496,10,5701,78446,630,177176,15405,79568,198,69514
1415236987.86709,pg_toast,pg_toast_2618,0,0,1614,5236,0,0,0,0,0,0,1252,1563,442,1998,,,,
1415236987.86709,pg_toast,pg_toast_3596,0,0,0,0,0,0,0,0,0,0,0,0,0,0,,,,
1415236987.86709,information_schema,sql_features,0,0,,,0,0,0,0,0,0,0,0,,,0,0,0,0
1415236987.86709,pg_catalog,pg_depend,0,0,17798,19109,3299,0,3224,0,6279,721,2875,22167,4540,46048,,,,
1415236987.86709,pg_toast,pg_toast_11605,0,0,0,0,0,0,0,0,0,0,0,0,0,0,,,,
1415236987.86709,pg_catalog,pg_opclass,184,184,88003,946167,0,0,0,0,0,0,110,338014,427,108908,,,,
1415236987.86709,pg_catalog,pg_proc,0,0,133126,197034,0,0,0,0,0,0,8757,138885,3164,294113,0,0,0,0
1415236987.86709,pg_catalog,pg_trigger,0,0,0,0,0,0,0,0,0,0,0,0,0,0,0,0,0,0
1415236987.86709,information_schema,sql_languages,0,0,,,0,0,0,0,0,0,0,0,,,0,0,0,0
1415236987.86709,pg_catalog,pg_am,15317,15317,0,0,0,0,0,0,0,0,46,15271,0,0,,,,
1415236987.86709,pg_catalog,pg_largeobject_metadata,0,0,0,0,0,0,0,0,0,0,0,0,0,0,,,,
1415236987.86709,pg_catalog,pg_ts_config_map,0,0,0,0,0,0,0,0,0,0,0,0,0,0,,,,
1415236987.86709,pg_catalog,pg_type,0,0,336524,333256,865,0,846,0,349,83,1361,335504,2128,672696,,,,
1415236987.86709,public,partsupp,3,24000000,0,0,8000000,0,0,0,8000000,0,340611,954509,0,0,,,,
1415236987.86709,information_schema,sql_sizing_profiles,0,0,,,0,0,0,0,0,0,0,0,,,0,0,0,0
1415236987.86709,pg_catalog,pg_shdepend,0,0,2310,455,0,0,0,0,0,0,202,253,790,2384,,,,
1415236987.86709,pg_catalog,pg_conversion,0,0,0,0,0,0,0,0,0,0,0,0,0,0,,,,
1415236987.86709,pg_catalog,pg_foreign_data_wrapper,0,0,0,0,0,0,0,0,0,0,0,0,0,0,,,,
1415236987.86709,pg_catalog,pg_opfamily,0,0,0,0,0,0,0,0,0,0,0,0,0,0,,,,
1415236987.86709,pg_catalog,pg_shdescription,0,0,0,0,0,0,0,0,0,0,0,0,0,0,0,0,0,0
1415236987.86709,pg_catalog,pg_tablespace,2,4,10685,10685,0,0,0,0,0,0,65,10622,130,21240,,,,
1415236987.86709,pg_catalog,pg_inherits,0,0,426,0,0,0,0,0,0,0,0,0,204,222,,,,
1415236987.86709,pg_toast,pg_toast_2606,0,0,0,0,0,0,0,0,0,0,0,0,0,0,,,,
1415236987.86709,pg_toast,pg_toast_2964,0,0,0,0,0,0,0,0,0,0,0,0,0,0,,,,
1415236987.86709,pg_catalog,pg_database,1211,4685,53323,53321,1,0,0,0,1,0,14,54519,181,83954,,,,
1415236987.86709,pg_toast,pg_toast_2620,0,0,0,0,0,0,0,0,0,0,0,0,0,0,,,,
1415236987.86709,information_schema,sql_sizing,0,0,,,0,0,0,0,0,0,0,0,,,0,0,0,0
1415236987.86709,pg_catalog,pg_amproc,184,368,64725,96334,0,0,0,0,0,0,156,63228,133,144322,,,,
1415236987.86709,pg_catalog,pg_collation,0,0,0,0,0,0,0,0,0,0,0,0,0,0,,,,
1415236987.86709,pg_catalog,pg_constraint,0,0,103,48,55,0,48,0,9,48,31,290,56,535,0,0,0,0
1415236987.86709,public,time_statistics,0,0,,,1,0,0,0,1,0,1,0,,,,,,
1415236987.86709,pg_catalog,pg_range,0,0,3422,0,0,0,0,0,0,0,0,0,505,6339,,,,
1415236987.86709,pg_toast,pg_toast_11600,0,0,0,0,0,0,0,0,0,0,0,0,0,0,,,,
1415236987.86709,pg_toast,pg_toast_11590,0,0,0,0,0,0,0,0,0,0,0,0,0,0,,,,
1415236987.86709,information_schema,sql_implementation_info,0,0,,,0,0,0,0,0,0,0,0,,,0,0,0,0
1415236987.86709,pg_catalog,pg_user_mapping,0,0,0,0,0,0,0,0,0,0,0,0,0,0,,,,
1415236987.86709,pg_catalog,pg_largeobject,0,0,0,0,0,0,0,0,0,0,0,0,0,0,,,,
1415236987.86709,pg_catalog,pg_namespace,990,16500,73868,59259,18,0,0,0,18,0,78,60217,1103,89347,,,,
1415236987.86709,public,orders,4,60000000,0,0,15000000,0,0,0,15000000,0,504554,1558780,0,0,,,,
1415236987.86709,information_schema,sql_parts,0,0,,,0,0,0,0,0,0,0,0,,,0,0,0,0
1415236987.86709,pg_catalog,pg_authid,447,447,29395,29395,0,0,0,0,0,0,51,29791,210,58580,,,,
1415236987.86709,pg_catalog,pg_index,2239,217718,146858,212907,312,0,290,0,132,0,726,195448,292,170302,,,,
1415236987.86709,pg_catalog,pg_ts_dict,0,0,0,0,0,0,0,0,0,0,0,0,0,0,,,,
1415236987.86709,pg_catalog,pg_class,5489,1189330,386093,359006,748,244,716,232,320,110,1633,405543,595,757671,,,,
1415236987.86709,pg_toast,pg_toast_2396,0,0,0,0,0,0,0,0,0,0,0,0,0,0,,,,
1415236987.86709,pg_catalog,pg_enum,0,0,0,0,0,0,0,0,0,0,0,0,0,0,,,,
1415236987.86709,pg_catalog,pg_db_role_setting,0,0,46254,0,0,0,0,0,0,0,0,0,45,46209,0,0,0,0
1415236987.86709,pg_catalog,pg_seclabel,0,0,1854,0,0,0,0,0,0,0,0,0,176,1678,0,0,0,0
1415236987.86709,pg_toast,pg_toast_2609,0,0,0,0,0,0,0,0,0,0,0,0,0,0,,,,
1415236987.86709,pg_toast,pg_toast_1255,0,0,0,0,0,0,0,0,0,0,0,0,0,0,,,,
1415236987.86709,pg_catalog,pg_rewrite,0,0,4262,3530,244,0,244,0,106,39,2115,3292,887,6377,1252,1563,442,1998
1415236987.86709,pg_catalog,pg_ts_config,0,0,0,0,0,0,0,0,0,0,0,0,0,0,,,,
1415236987.86709,pg_catalog,pg_extension,0,0,0,0,0,0,0,0,0,0,0,0,0,0,,,,
1415236987.86709,pg_catalog,pg_amop,0,0,130304,189493,0,0,0,0,0,0,241,189252,793,277521,,,,
1415236987.86709,pg_catalog,pg_cast,0,0,470959,116630,0,0,0,0,0,0,178,116452,102,485074,,,,
1415236987.86709,public,part,6,12000000,0,0,2000000,0,0,0,2000000,0,79007,327715,0,0,,,,
1415236987.86709,pg_toast,pg_toast_2619,0,0,59540,198459,2161,0,1953,0,222,6,15405,79568,198,69514,,,,
1415236987.86709,pg_toast,pg_toast_11610,0,0,0,0,0,0,0,0,0,0,0,0,0,0,,,,
1415236987.86709,pg_toast,pg_toast_2604,0,0,0,0,0,0,0,0,0,0,0,0,0,0,,,,
1415237047.8741,pg_catalog,pg_auth_members,0,0,0,0,0,0,0,0,0,0,0,0,0,0,,,,
1415237047.8741,pg_catalog,pg_operator,0,0,112576,563644,0,0,0,0,0,0,1289,397355,1130,245937,,,,
1415237047.8741,public,nation,2,50,0,0,25,0,0,0,25,0,1,3,0,0,,,,
1415237047.8741,pg_catalog,pg_aggregate,0,0,7715,7715,0,0,0,0,0,0,193,7522,502,12976,,,,
1415237047.8741,pg_catalog,pg_pltemplate,0,0,0,0,0,0,0,0,0,0,0,0,0,0,,,,
1415237047.8741,public,region,2,10,0,0,5,0,0,0,5,0,1,3,0,0,,,,
1415237047.8741,pg_toast,pg_toast_11615,0,0,0,0,0,0,0,0,0,0,0,0,0,0,,,,
1415237047.8741,public,customer,6,9000000,0,0,1500000,0,0,0,1500000,0,68533,294857,0,0,,,,
1415237047.8741,pg_catalog,pg_description,0,0,1854,0,0,0,0,0,0,0,0,0,556,3578,0,0,0,0
1415237047.8741,pg_catalog,pg_language,0,0,0,0,0,0,0,0,0,0,0,0,0,0,,,,
1415237047.8741,public,lineitem,4,239944208,0,0,59986052,0,0,0,59986052,0,4269005,3366228,0,0,,,,
1415237047.8741,pg_catalog,pg_ts_parser,0,0,0,0,0,0,0,0,0,0,0,0,0,0,,,,
1415237047.8741,pg_catalog,pg_shseclabel,0,0,0,0,0,0,0,0,0,0,0,0,0,0,,,,
1415237047.8741,pg_catalog,pg_foreign_table,0,0,0,0,0,0,0,0,0,0,0,0,0,0,,,,
1415237047.8741,pg_toast,pg_toast_11620,0,0,0,0,0,0,0,0,0,0,0,0,0,0,,,,
1415237047.8741,pg_catalog,pg_attrdef,0,0,0,0,0,0,0,0,0,0,0,0,0,0,0,0,0,0
1415237047.8741,pg_catalog,pg_ts_template,0,0,0,0,0,0,0,0,0,0,0,0,0,0,,,,
1415237047.8741,pg_catalog,pg_foreign_server,0,0,0,0,0,0,0,0,0,0,0,0,0,0,,,,
1415237047.8741,pg_catalog,pg_default_acl,0,0,1744,0,0,0,0,0,0,0,0,0,179,1565,,,,
1415237047.8741,pg_toast,pg_toast_11595,0,0,0,0,0,0,0,0,0,0,0,0,0,0,,,,
1415237047.8741,information_schema,sql_packages,0,0,,,0,0,0,0,0,0,0,0,,,0,0,0,0
1415237047.8741,public,supplier,4,400000,0,0,100000,0,0,0,100000,0,2312,15648,0,0,,,,
1415237047.8741,pg_catalog,pg_attribute,1012,6716,301579,666933,2700,70,2532,56,2415,348,5856,323612,1638,628930,,,,
1415237047.8741,pg_catalog,pg_statistic,0,0,82525,79124,565,1751,518,1389,496,10,5701,78461,630,177217,15405,79570,198,69518
1415237047.8741,pg_toast,pg_toast_2618,0,0,1618,5249,0,0,0,0,0,0,1252,1570,442,2004,,,,
1415237047.8741,pg_toast,pg_toast_3596,0,0,0,0,0,0,0,0,0,0,0,0,0,0,,,,
1415237047.8741,information_schema,sql_features,0,0,,,0,0,0,0,0,0,0,0,,,0,0,0,0
1415237047.8741,pg_catalog,pg_depend,0,0,17803,19113,3302,0,3224,0,6282,721,2875,22177,4540,46072,,,,
1415237047.8741,pg_toast,pg_toast_11605,0,0,0,0,0,0,0,0,0,0,0,0,0,0,,,,
1415237047.8741,pg_catalog,pg_opclass,184,184,88019,946343,0,0,0,0,0,0,110,338062,427,108932,,,,
1415237047.8741,pg_catalog,pg_proc,0,0,133190,197119,0,0,0,0,0,0,8757,138958,3164,294250,0,0,0,0
1415237047.8741,pg_catalog,pg_trigger,0,0,0,0,0,0,0,0,0,0,0,0,0,0,0,0,0,0
1415237047.8741,information_schema,sql_languages,0,0,,,0,0,0,0,0,0,0,0,,,0,0,0,0
1415237047.8741,pg_catalog,pg_am,15323,15323,0,0,0,0,0,0,0,0,46,15277,0,0,,,,
1415237047.8741,pg_catalog,pg_largeobject_metadata,0,0,0,0,0,0,0,0,0,0,0,0,0,0,,,,
1415237047.8741,pg_catalog,pg_ts_config_map,0,0,0,0,0,0,0,0,0,0,0,0,0,0,,,,
1415237047.8741,pg_catalog,pg_type,0,0,336580,333312,865,0,846,0,349,83,1361,335560,2128,672812,,,,
1415237047.8741,public,partsupp,3,24000000,0,0,8000000,0,0,0,8000000,0,340611,954509,0,0,,,,
1415237047.8741,information_schema,sql_sizing_profiles,0,0,,,0,0,0,0,0,0,0,0,,,0,0,0,0
1415237047.8741,pg_catalog,pg_shdepend,0,0,2310,455,0,0,0,0,0,0,202,253,790,2384,,,,
1415237047.8741,pg_catalog,pg_conversion,0,0,0,0,0,0,0,0,0,0,0,0,0,0,,,,
1415237047.8741,pg_catalog,pg_foreign_data_wrapper,0,0,0,0,0,0,0,0,0,0,0,0,0,0,,,,
1415237047.8741,pg_catalog,pg_opfamily,0,0,0,0,0,0,0,0,0,0,0,0,0,0,,,,
1415237047.8741,pg_catalog,pg_shdescription,0,0,0,0,0,0,0,0,0,0,0,0,0,0,0,0,0,0
1415237047.8741,pg_catalog,pg_tablespace,2,4,10688,10688,0,0,0,0,0,0,65,10625,130,21246,,,,
1415237047.8741,pg_catalog,pg_inherits,0,0,426,0,0,0,0,0,0,0,0,0,204,222,,,,
1415237047.8741,pg_toast,pg_toast_2606,0,0,0,0,0,0,0,0,0,0,0,0,0,0,,,,
1415237047.8741,pg_toast,pg_toast_2964,0,0,0,0,0,0,0,0,0,0,0,0,0,0,,,,
1415237047.8741,pg_catalog,pg_database,1214,4697,53343,53341,1,0,0,0,1,0,14,54542,181,83986,,,,
1415237047.8741,pg_toast,pg_toast_2620,0,0,0,0,0,0,0,0,0,0,0,0,0,0,,,,
1415237047.8741,information_schema,sql_sizing,0,0,,,0,0,0,0,0,0,0,0,,,0,0,0,0
1415237047.8741,pg_catalog,pg_amproc,184,368,64737,96355,0,0,0,0,0,0,156,63240,133,144351,,,,
1415237047.8741,pg_catalog,pg_collation,0,0,0,0,0,0,0,0,0,0,0,0,0,0,,,,
1415237047.8741,pg_catalog,pg_constraint,0,0,104,48,56,0,48,0,10,48,31,294,56,544,0,0,0,0
1415237047.8741,public,time_statistics,0,0,,,1,0,0,0,1,0,1,0,,,,,,
1415237047.8741,pg_catalog,pg_range,0,0,3422,0,0,0,0,0,0,0,0,0,505,6339,,,,
1415237047.8741,pg_toast,pg_toast_11600,0,0,0,0,0,0,0,0,0,0,0,0,0,0,,,,
1415237047.8741,pg_toast,pg_toast_11590,0,0,0,0,0,0,0,0,0,0,0,0,0,0,,,,
1415237047.8741,information_schema,sql_implementation_info,0,0,,,0,0,0,0,0,0,0,0,,,0,0,0,0
1415237047.8741,pg_catalog,pg_user_mapping,0,0,0,0,0,0,0,0,0,0,0,0,0,0,,,,
1415237047.8741,pg_catalog,pg_largeobject,0,0,0,0,0,0,0,0,0,0,0,0,0,0,,,,
1415237047.8741,pg_catalog,pg_namespace,992,16548,74012,59399,18,0,0,0,18,0,78,60359,1103,89497,,,,
1415237047.8741,public,orders,4,60000000,0,0,15000000,0,0,0,15000000,0,504554,1558780,0,0,,,,
1415237047.8741,information_schema,sql_parts,0,0,,,0,0,0,0,0,0,0,0,,,0,0,0,0
1415237047.8741,pg_catalog,pg_authid,447,447,29403,29403,0,0,0,0,0,0,51,29799,210,58596,,,,
1415237047.8741,pg_catalog,pg_index,2243,218246,146900,212964,313,0,290,0,133,0,726,195519,292,170355,,,,
1415237047.8741,pg_catalog,pg_ts_dict,0,0,0,0,0,0,0,0,0,0,0,0,0,0,,,,
1415237047.8741,pg_catalog,pg_class,5499,1191973,386422,359332,749,244,716,232,321,110,1633,405967,595,758343,,,,
1415237047.8741,pg_toast,pg_toast_2396,0,0,0,0,0,0,0,0,0,0,0,0,0,0,,,,
1415237047.8741,pg_catalog,pg_enum,0,0,0,0,0,0,0,0,0,0,0,0,0,0,,,,
1415237047.8741,pg_catalog,pg_db_role_setting,0,0,46272,0,0,0,0,0,0,0,0,0,45,46227,0,0,0,0
1415237047.8741,pg_catalog,pg_seclabel,0,0,1854,0,0,0,0,0,0,0,0,0,176,1678,0,0,0,0
1415237047.8741,pg_toast,pg_toast_2609,0,0,0,0,0,0,0,0,0,0,0,0,0,0,,,,
1415237047.8741,pg_toast,pg_toast_1255,0,0,0,0,0,0,0,0,0,0,0,0,0,0,,,,
1415237047.8741,pg_catalog,pg_rewrite,0,0,4267,3535,244,0,244,0,106,39,2115,3297,887,6385,1252,1570,442,2004
1415237047.8741,pg_catalog,pg_ts_config,0,0,0,0,0,0,0,0,0,0,0,0,0,0,,,,
1415237047.8741,pg_catalog,pg_extension,0,0,0,0,0,0,0,0,0,0,0,0,0,0,,,,
1415237047.8741,pg_catalog,pg_amop,0,0,130321,189514,0,0,0,0,0,0,241,189273,793,277559,,,,
1415237047.8741,pg_catalog,pg_cast,0,0,471005,116654,0,0,0,0,0,0,178,116476,102,485124,,,,
1415237047.8741,public,part,6,12000000,0,0,2000000,0,0,0,2000000,0,79007,327715,0,0,,,,
1415237047.8741,pg_toast,pg_toast_2619,0,0,59542,198463,2161,0,1953,0,222,6,15405,79570,198,69518,,,,
1415237047.8741,pg_toast,pg_toast_11610,0,0,0,0,0,0,0,0,0,0,0,0,0,0,,,,
1415237047.8741,pg_toast,pg_toast_2604,0,0,0,0,0,0,0,0,0,0,0,0,0,0,,,,
1415237107.87793,pg_catalog,pg_auth_members,0,0,0,0,0,0,0,0,0,0,0,0,0,0,,,,
1415237107.87793,pg_catalog,pg_operator,0,0,112593,563661,0,0,0,0,0,0,1289,397372,1130,245979,,,,
1415237107.87793,public,nation,2,50,0,0,25,0,0,0,25,0,1,3,0,0,,,,
1415237107.87793,pg_catalog,pg_aggregate,0,0,7716,7716,0,0,0,0,0,0,193,7523,502,12978,,,,
1415237107.87793,pg_catalog,pg_pltemplate,0,0,0,0,0,0,0,0,0,0,0,0,0,0,,,,
1415237107.87793,public,region,2,10,0,0,5,0,0,0,5,0,1,3,0,0,,,,
1415237107.87793,pg_toast,pg_toast_11615,0,0,0,0,0,0,0,0,0,0,0,0,0,0,,,,
1415237107.87793,public,customer,6,9000000,0,0,1500000,0,0,0,1500000,0,68533,294857,0,0,,,,
1415237107.87793,pg_catalog,pg_description,0,0,1854,0,0,0,0,0,0,0,0,0,556,3578,0,0,0,0
1415237107.87793,pg_catalog,pg_language,0,0,0,0,0,0,0,0,0,0,0,0,0,0,,,,
1415237107.87793,public,lineitem,4,239944208,0,0,59986052,0,0,0,59986052,0,4269005,3366228,0,0,,,,
1415237107.87793,pg_catalog,pg_ts_parser,0,0,0,0,0,0,0,0,0,0,0,0,0,0,,,,
1415237107.87793,pg_catalog,pg_shseclabel,0,0,0,0,0,0,0,0,0,0,0,0,0,0,,,,
1415237107.87793,pg_catalog,pg_foreign_table,0,0,0,0,0,0,0,0,0,0,0,0,0,0,,,,
1415237107.87793,pg_toast,pg_toast_11620,0,0,0,0,0,0,0,0,0,0,0,0,0,0,,,,
1415237107.87793,pg_catalog,pg_attrdef,0,0,0,0,0,0,0,0,0,0,0,0,0,0,0,0,0,0
1415237107.87793,pg_catalog,pg_ts_template,0,0,0,0,0,0,0,0,0,0,0,0,0,0,,,,
1415237107.87793,pg_catalog,pg_foreign_server,0,0,0,0,0,0,0,0,0,0,0,0,0,0,,,,
1415237107.87793,pg_catalog,pg_default_acl,0,0,1744,0,0,0,0,0,0,0,0,0,179,1565,,,,
1415237107.87793,pg_toast,pg_toast_11595,0,0,0,0,0,0,0,0,0,0,0,0,0,0,,,,
1415237107.87793,information_schema,sql_packages,0,0,,,0,0,0,0,0,0,0,0,,,0,0,0,0
1415237107.87793,public,supplier,4,400000,0,0,100000,0,0,0,100000,0,2312,15648,0,0,,,,
1415237107.87793,pg_catalog,pg_attribute,1012,6716,301772,667252,2700,70,2532,56,2415,348,5856,323806,1638,629323,,,,
1415237107.87793,pg_catalog,pg_statistic,0,0,82550,79143,565,1751,518,1389,496,10,5701,78480,630,177272,15405,79573,198,69524
1415237107.87793,pg_toast,pg_toast_2618,0,0,1622,5262,0,0,0,0,0,0,1252,1577,442,2010,,,,
1415237107.87793,pg_toast,pg_toast_3596,0,0,0,0,0,0,0,0,0,0,0,0,0,0,,,,
1415237107.87793,information_schema,sql_features,0,0,,,0,0,0,0,0,0,0,0,,,0,0,0,0
1415237107.87793,pg_catalog,pg_depend,0,0,17803,19113,3302,0,3224,0,6282,721,2875,22177,4540,46072,,,,
1415237107.87793,pg_toast,pg_toast_11605,0,0,0,0,0,0,0,0,0,0,0,0,0,0,,,,
1415237107.87793,pg_catalog,pg_opclass,184,184,88037,946517,0,0,0,0,0,0,110,338119,427,108960,,,,
1415237107.87793,pg_catalog,pg_proc,0,0,133266,197230,0,0,0,0,0,0,8757,139049,3164,294417,0,0,0,0
1415237107.87793,pg_catalog,pg_trigger,0,0,0,0,0,0,0,0,0,0,0,0,0,0,0,0,0,0
1415237107.87793,information_schema,sql_languages,0,0,,,0,0,0,0,0,0,0,0,,,0,0,0,0
1415237107.87793,pg_catalog,pg_am,15330,15330,0,0,0,0,0,0,0,0,46,15284,0,0,,,,
1415237107.87793,pg_catalog,pg_largeobject_metadata,0,0,0,0,0,0,0,0,0,0,0,0,0,0,,,,
1415237107.87793,pg_catalog,pg_ts_config_map,0,0,0,0,0,0,0,0,0,0,0,0,0,0,,,,
1415237107.87793,pg_catalog,pg_type,0,0,336670,333402,865,0,846,0,349,83,1361,335650,2128,672997,,,,
1415237107.87793,public,partsupp,3,24000000,0,0,8000000,0,0,0,8000000,0,340611,954509,0,0,,,,
1415237107.87793,information_schema,sql_sizing_profiles,0,0,,,0,0,0,0,0,0,0,0,,,0,0,0,0
1415237107.87793,pg_catalog,pg_shdepend,0,0,2310,455,0,0,0,0,0,0,202,253,790,2384,,,,
1415237107.87793,pg_catalog,pg_conversion,0,0,0,0,0,0,0,0,0,0,0,0,0,0,,,,
1415237107.87793,pg_catalog,pg_foreign_data_wrapper,0,0,0,0,0,0,0,0,0,0,0,0,0,0,,,,
1415237107.87793,pg_catalog,pg_opfamily,0,0,0,0,0,0,0,0,0,0,0,0,0,0,,,,
1415237107.87793,pg_catalog,pg_shdescription,0,0,0,0,0,0,0,0,0,0,0,0,0,0,0,0,0,0
1415237107.87793,pg_catalog,pg_tablespace,2,4,10693,10693,0,0,0,0,0,0,65,10630,130,21256,,,,
1415237107.87793,pg_catalog,pg_inherits,0,0,426,0,0,0,0,0,0,0,0,0,204,222,,,,
1415237107.87793,pg_toast,pg_toast_2606,0,0,0,0,0,0,0,0,0,0,0,0,0,0,,,,
1415237107.87793,pg_toast,pg_toast_2964,0,0,0,0,0,0,0,0,0,0,0,0,0,0,,,,
1415237107.87793,pg_catalog,pg_database,1217,4709,53378,53376,1,0,0,0,1,0,14,54580,181,84037,,,,
1415237107.87793,pg_toast,pg_toast_2620,0,0,0,0,0,0,0,0,0,0,0,0,0,0,,,,
1415237107.87793,information_schema,sql_sizing,0,0,,,0,0,0,0,0,0,0,0,,,0,0,0,0
1415237107.87793,pg_catalog,pg_amproc,184,368,64754,96382,0,0,0,0,0,0,156,63257,133,144392,,,,
1415237107.87793,pg_catalog,pg_collation,0,0,0,0,0,0,0,0,0,0,0,0,0,0,,,,
1415237107.87793,pg_catalog,pg_constraint,0,0,104,48,56,0,48,0,10,48,31,294,56,544,0,0,0,0
1415237107.87793,public,time_statistics,0,0,,,1,0,0,0,1,0,1,0,,,,,,
1415237107.87793,pg_catalog,pg_range,0,0,3422,0,0,0,0,0,0,0,0,0,505,6339,,,,
1415237107.87793,pg_toast,pg_toast_11600,0,0,0,0,0,0,0,0,0,0,0,0,0,0,,,,
1415237107.87793,pg_toast,pg_toast_11590,0,0,0,0,0,0,0,0,0,0,0,0,0,0,,,,
1415237107.87793,information_schema,sql_implementation_info,0,0,,,0,0,0,0,0,0,0,0,,,0,0,0,0
1415237107.87793,pg_catalog,pg_user_mapping,0,0,0,0,0,0,0,0,0,0,0,0,0,0,,,,
1415237107.87793,pg_catalog,pg_largeobject,0,0,0,0,0,0,0,0,0,0,0,0,0,0,,,,
1415237107.87793,pg_catalog,pg_namespace,994,16596,74161,59543,18,0,0,0,18,0,78,60505,1103,89653,,,,
1415237107.87793,public,orders,4,60000000,0,0,15000000,0,0,0,15000000,0,504554,1558780,0,0,,,,
1415237107.87793,information_schema,sql_parts,0,0,,,0,0,0,0,0,0,0,0,,,0,0,0,0
1415237107.87793,pg_catalog,pg_authid,448,448,29415,29415,0,0,0,0,0,0,51,29812,210,58620,,,,
1415237107.87793,pg_catalog,pg_index,2247,218778,146935,213009,313,0,290,0,133,0,726,195578,292,170402,,,,
1415237107.87793,pg_catalog,pg_ts_dict,0,0,0,0,0,0,0,0,0,0,0,0,0,0,,,,
1415237107.87793,pg_catalog,pg_class,5510,1194945,386750,359660,749,244,716,232,321,110,1633,406395,595,759012,,,,
1415237107.87793,pg_toast,pg_toast_2396,0,0,0,0,0,0,0,0,0,0,0,0,0,0,,,,
1415237107.87793,pg_catalog,pg_enum,0,0,0,0,0,0,0,0,0,0,0,0,0,0,,,,
1415237107.87793,pg_catalog,pg_db_role_setting,0,0,46296,0,0,0,0,0,0,0,0,0,45,46251,0,0,0,0
1415237107.87793,pg_catalog,pg_seclabel,0,0,1854,0,0,0,0,0,0,0,0,0,176,1678,0,0,0,0
1415237107.87793,pg_toast,pg_toast_2609,0,0,0,0,0,0,0,0,0,0,0,0,0,0,,,,
1415237107.87793,pg_toast,pg_toast_1255,0,0,0,0,0,0,0,0,0,0,0,0,0,0,,,,
1415237107.87793,pg_catalog,pg_rewrite,0,0,4274,3542,244,0,244,0,106,39,2115,3304,887,6397,1252,1577,442,2010
1415237107.87793,pg_catalog,pg_ts_config,0,0,0,0,0,0,0,0,0,0,0,0,0,0,,,,
1415237107.87793,pg_catalog,pg_extension,0,0,0,0,0,0,0,0,0,0,0,0,0,0,,,,
1415237107.87793,pg_catalog,pg_amop,0,0,130354,189555,0,0,0,0,0,0,241,189314,793,277633,,,,
1415237107.87793,pg_catalog,pg_cast,0,0,471073,116682,0,0,0,0,0,0,178,116504,102,485197,,,,
1415237107.87793,public,part,6,12000000,0,0,2000000,0,0,0,2000000,0,79007,327715,0,0,,,,
1415237107.87793,pg_toast,pg_toast_2619,0,0,59545,198469,2161,0,1953,0,222,6,15405,79573,198,69524,,,,
1415237107.87793,pg_toast,pg_toast_11610,0,0,0,0,0,0,0,0,0,0,0,0,0,0,,,,
1415237107.87793,pg_toast,pg_toast_2604,0,0,0,0,0,0,0,0,0,0,0,0,0,0,,,,
1415237167.88159,pg_catalog,pg_auth_members,0,0,0,0,0,0,0,0,0,0,0,0,0,0,,,,
1415237167.88159,pg_catalog,pg_operator,0,0,112612,563680,0,0,0,0,0,0,1289,397391,1130,246027,,,,
1415237167.88159,public,nation,2,50,0,0,25,0,0,0,25,0,1,3,0,0,,,,
1415237167.88159,pg_catalog,pg_aggregate,0,0,7717,7717,0,0,0,0,0,0,193,7524,502,12980,,,,
1415237167.88159,pg_catalog,pg_pltemplate,0,0,0,0,0,0,0,0,0,0,0,0,0,0,,,,
1415237167.88159,public,region,2,10,0,0,5,0,0,0,5,0,1,3,0,0,,,,
1415237167.88159,pg_toast,pg_toast_11615,0,0,0,0,0,0,0,0,0,0,0,0,0,0,,,,
1415237167.88159,public,customer,6,9000000,0,0,1500000,0,0,0,1500000,0,68533,294857,0,0,,,,
1415237167.88159,pg_catalog,pg_description,0,0,1854,0,0,0,0,0,0,0,0,0,556,3578,0,0,0,0
1415237167.88159,pg_catalog,pg_language,0,0,0,0,0,0,0,0,0,0,0,0,0,0,,,,
1415237167.88159,public,lineitem,7,419902364,0,0,59986052,0,0,0,59986052,0,7312463,3519021,0,0,,,,
1415237167.88159,pg_catalog,pg_ts_parser,0,0,0,0,0,0,0,0,0,0,0,0,0,0,,,,
1415237167.88159,pg_catalog,pg_shseclabel,0,0,0,0,0,0,0,0,0,0,0,0,0,0,,,,
1415237167.88159,pg_catalog,pg_foreign_table,0,0,0,0,0,0,0,0,0,0,0,0,0,0,,,,
1415237167.88159,pg_toast,pg_toast_11620,0,0,0,0,0,0,0,0,0,0,0,0,0,0,,,,
1415237167.88159,pg_catalog,pg_attrdef,0,0,0,0,0,0,0,0,0,0,0,0,0,0,0,0,0,0
1415237167.88159,pg_catalog,pg_ts_template,0,0,0,0,0,0,0,0,0,0,0,0,0,0,,,,
1415237167.88159,pg_catalog,pg_foreign_server,0,0,0,0,0,0,0,0,0,0,0,0,0,0,,,,
1415237167.88159,pg_catalog,pg_default_acl,0,0,1744,0,0,0,0,0,0,0,0,0,179,1565,,,,
1415237167.88159,pg_toast,pg_toast_11595,0,0,0,0,0,0,0,0,0,0,0,0,0,0,,,,
1415237167.88159,information_schema,sql_packages,0,0,,,0,0,0,0,0,0,0,0,,,0,0,0,0
1415237167.88159,public,supplier,4,400000,0,0,100000,0,0,0,100000,0,2312,15648,0,0,,,,
1415237167.88159,pg_catalog,pg_attribute,1012,6716,301994,667764,2705,70,2532,56,2420,348,5856,324043,1638,629796,,,,
1415237167.88159,pg_catalog,pg_statistic,0,0,82575,79162,565,1751,518,1389,496,10,5701,78499,630,177327,15405,79576,198,69530
1415237167.88159,pg_toast,pg_toast_2618,0,0,1626,5275,0,0,0,0,0,0,1252,1584,442,2016,,,,
1415237167.88159,pg_toast,pg_toast_3596,0,0,0,0,0,0,0,0,0,0,0,0,0,0,,,,
1415237167.88159,information_schema,sql_features,0,0,,,0,0,0,0,0,0,0,0,,,0,0,0,0
1415237167.88159,pg_catalog,pg_depend,0,0,17816,19126,3309,0,3224,0,6289,721,2875,22206,4540,46132,,,,
1415237167.88159,pg_toast,pg_toast_11605,0,0,0,0,0,0,0,0,0,0,0,0,0,0,,,,
1415237167.88159,pg_catalog,pg_opclass,184,184,88067,946903,0,0,0,0,0,0,110,338228,427,109002,,,,
1415237167.88159,pg_catalog,pg_proc,0,0,133343,197342,0,0,0,0,0,0,8757,139141,3164,294587,0,0,0,0
1415237167.88159,pg_catalog,pg_trigger,0,0,0,0,0,0,0,0,0,0,0,0,0,0,0,0,0,0
1415237167.88159,information_schema,sql_languages,0,0,,,0,0,0,0,0,0,0,0,,,0,0,0,0
1415237167.88159,pg_catalog,pg_am,15339,15339,0,0,0,0,0,0,0,0,46,15293,0,0,,,,
1415237167.88159,pg_catalog,pg_largeobject_metadata,0,0,0,0,0,0,0,0,0,0,0,0,0,0,,,,
1415237167.88159,pg_catalog,pg_ts_config_map,0,0,0,0,0,0,0,0,0,0,0,0,0,0,,,,
1415237167.88159,pg_catalog,pg_type,0,0,336765,333497,865,0,846,0,349,83,1361,335745,2128,673195,,,,
1415237167.88159,public,partsupp,3,24000000,0,0,8000000,0,0,0,8000000,0,340611,954509,0,0,,,,
1415237167.88159,information_schema,sql_sizing_profiles,0,0,,,0,0,0,0,0,0,0,0,,,0,0,0,0
1415237167.88159,pg_catalog,pg_shdepend,0,0,2310,455,0,0,0,0,0,0,202,253,790,2384,,,,
1415237167.88159,pg_catalog,pg_conversion,0,0,0,0,0,0,0,0,0,0,0,0,0,0,,,,
1415237167.88159,pg_catalog,pg_foreign_data_wrapper,0,0,0,0,0,0,0,0,0,0,0,0,0,0,,,,
1415237167.88159,pg_catalog,pg_opfamily,0,0,0,0,0,0,0,0,0,0,0,0,0,0,,,,
1415237167.88159,pg_catalog,pg_shdescription,0,0,0,0,0,0,0,0,0,0,0,0,0,0,0,0,0,0
1415237167.88159,pg_catalog,pg_tablespace,2,4,10698,10698,0,0,0,0,0,0,65,10635,130,21266,,,,
1415237167.88159,pg_catalog,pg_inherits,0,0,426,0,0,0,0,0,0,0,0,0,204,222,,,,
1415237167.88159,pg_toast,pg_toast_2606,0,0,0,0,0,0,0,0,0,0,0,0,0,0,,,,
1415237167.88159,pg_toast,pg_toast_2964,0,0,0,0,0,0,0,0,0,0,0,0,0,0,,,,
1415237167.88159,pg_catalog,pg_database,1220,4721,53411,53409,1,0,0,0,1,0,14,54616,181,84084,,,,
1415237167.88159,pg_toast,pg_toast_2620,0,0,0,0,0,0,0,0,0,0,0,0,0,0,,,,
1415237167.88159,information_schema,sql_sizing,0,0,,,0,0,0,0,0,0,0,0,,,0,0,0,0
1415237167.88159,pg_catalog,pg_amproc,184,368,64774,96415,0,0,0,0,0,0,156,63277,133,144438,,,,
1415237167.88159,pg_catalog,pg_collation,0,0,0,0,0,0,0,0,0,0,0,0,0,0,,,,
1415237167.88159,pg_catalog,pg_constraint,0,0,104,48,56,0,48,0,10,48,31,294,56,544,0,0,0,0
1415237167.88159,public,time_statistics,0,0,,,1,0,0,0,1,0,1,0,,,,,,
1415237167.88159,pg_catalog,pg_range,0,0,3422,0,0,0,0,0,0,0,0,0,505,6339,,,,
1415237167.88159,pg_toast,pg_toast_11600,0,0,0,0,0,0,0,0,0,0,0,0,0,0,,,,
1415237167.88159,pg_toast,pg_toast_11590,0,0,0,0,0,0,0,0,0,0,0,0,0,0,,,,
1415237167.88159,information_schema,sql_implementation_info,0,0,,,0,0,0,0,0,0,0,0,,,0,0,0,0
1415237167.88159,pg_catalog,pg_user_mapping,0,0,0,0,0,0,0,0,0,0,0,0,0,0,,,,
1415237167.88159,pg_catalog,pg_largeobject,0,0,0,0,0,0,0,0,0,0,0,0,0,0,,,,
1415237167.88159,pg_catalog,pg_namespace,996,16644,74316,59690,18,0,0,0,18,0,78,60654,1103,89818,,,,
1415237167.88159,public,orders,4,60000000,0,0,15000000,0,0,0,15000000,0,504554,1558780,0,0,,,,
1415237167.88159,information_schema,sql_parts,0,0,,,0,0,0,0,0,0,0,0,,,0,0,0,0
1415237167.88159,pg_catalog,pg_authid,449,449,29425,29425,0,0,0,0,0,0,51,29823,210,58640,,,,
1415237167.88159,pg_catalog,pg_index,2251,219310,146993,213089,316,0,290,0,136,0,726,195672,292,170480,,,,
1415237167.88159,pg_catalog,pg_ts_dict,0,0,0,0,0,0,0,0,0,0,0,0,0,0,,,,
1415237167.88159,pg_catalog,pg_class,5521,1197919,387127,360028,752,244,716,232,324,110,1633,406881,595,759793,,,,
1415237167.88159,pg_toast,pg_toast_2396,0,0,0,0,0,0,0,0,0,0,0,0,0,0,,,,
1415237167.88159,pg_catalog,pg_enum,0,0,0,0,0,0,0,0,0,0,0,0,0,0,,,,
1415237167.88159,pg_catalog,pg_db_role_setting,0,0,46317,0,0,0,0,0,0,0,0,0,45,46272,0,0,0,0
1415237167.88159,pg_catalog,pg_seclabel,0,0,1854,0,0,0,0,0,0,0,0,0,176,1678,0,0,0,0
1415237167.88159,pg_toast,pg_toast_2609,0,0,0,0,0,0,0,0,0,0,0,0,0,0,,,,
1415237167.88159,pg_toast,pg_toast_1255,0,0,0,0,0,0,0,0,0,0,0,0,0,0,,,,
1415237167.88159,pg_catalog,pg_rewrite,0,0,4281,3549,244,0,244,0,106,39,2115,3311,887,6409,1252,1584,442,2016
1415237167.88159,pg_catalog,pg_ts_config,0,0,0,0,0,0,0,0,0,0,0,0,0,0,,,,
1415237167.88159,pg_catalog,pg_extension,0,0,0,0,0,0,0,0,0,0,0,0,0,0,,,,
1415237167.88159,pg_catalog,pg_amop,0,0,130387,189596,0,0,0,0,0,0,241,189355,793,277707,,,,
1415237167.88159,pg_catalog,pg_cast,0,0,471187,116731,0,0,0,0,0,0,178,116553,102,485319,,,,
1415237167.88159,public,part,6,12000000,0,0,2000000,0,0,0,2000000,0,79007,327715,0,0,,,,
1415237167.88159,pg_toast,pg_toast_2619,0,0,59548,198475,2161,0,1953,0,222,6,15405,79576,198,69530,,,,
1415237167.88159,pg_toast,pg_toast_11610,0,0,0,0,0,0,0,0,0,0,0,0,0,0,,,,
1415237167.88159,pg_toast,pg_toast_2604,0,0,0,0,0,0,0,0,0,0,0,0,0,0,,,,
1415237227.88678,pg_catalog,pg_auth_members,0,0,0,0,0,0,0,0,0,0,0,0,0,0,,,,
1415237227.88678,pg_catalog,pg_operator,0,0,112632,563700,0,0,0,0,0,0,1289,397411,1130,246078,,,,
1415237227.88678,public,nation,2,50,0,0,25,0,0,0,25,0,1,3,0,0,,,,
1415237227.88678,pg_catalog,pg_aggregate,0,0,7718,7718,0,0,0,0,0,0,193,7525,502,12982,,,,
1415237227.88678,pg_catalog,pg_pltemplate,0,0,0,0,0,0,0,0,0,0,0,0,0,0,,,,
1415237227.88678,public,region,2,10,0,0,5,0,0,0,5,0,1,3,0,0,,,,
1415237227.88678,pg_toast,pg_toast_11615,0,0,0,0,0,0,0,0,0,0,0,0,0,0,,,,
1415237227.88678,public,customer,6,9000000,0,0,1500000,0,0,0,1500000,0,68533,294857,0,0,,,,
1415237227.88678,pg_catalog,pg_description,0,0,1854,0,0,0,0,0,0,0,0,0,556,3578,0,0,0,0
1415237227.88678,pg_catalog,pg_language,0,0,0,0,0,0,0,0,0,0,0,0,0,0,,,,
1415237227.88678,public,lineitem,7,419902364,0,0,59986052,0,0,0,59986052,0,7312463,3519021,0,0,,,,
1415237227.88678,pg_catalog,pg_ts_parser,0,0,0,0,0,0,0,0,0,0,0,0,0,0,,,,
1415237227.88678,pg_catalog,pg_shseclabel,0,0,0,0,0,0,0,0,0,0,0,0,0,0,,,,
1415237227.88678,pg_catalog,pg_foreign_table,0,0,0,0,0,0,0,0,0,0,0,0,0,0,,,,
1415237227.88678,pg_toast,pg_toast_11620,0,0,0,0,0,0,0,0,0,0,0,0,0,0,,,,
1415237227.88678,pg_catalog,pg_attrdef,0,0,0,0,0,0,0,0,0,0,0,0,0,0,0,0,0,0
1415237227.88678,pg_catalog,pg_ts_template,0,0,0,0,0,0,0,0,0,0,0,0,0,0,,,,
1415237227.88678,pg_catalog,pg_foreign_server,0,0,0,0,0,0,0,0,0,0,0,0,0,0,,,,
1415237227.88678,pg_catalog,pg_default_acl,0,0,1744,0,0,0,0,0,0,0,0,0,179,1565,,,,
1415237227.88678,pg_toast,pg_toast_11595,0,0,0,0,0,0,0,0,0,0,0,0,0,0,,,,
1415237227.88678,information_schema,sql_packages,0,0,,,0,0,0,0,0,0,0,0,,,0,0,0,0
1415237227.88678,public,supplier,4,400000,0,0,100000,0,0,0,100000,0,2312,15648,0,0,,,,
1415237227.88678,pg_catalog,pg_attribute,1012,6716,302211,668136,2705,70,2532,56,2420,348,5856,324261,1638,630236,,,,
1415237227.88678,pg_catalog,pg_statistic,0,0,82606,79185,565,1751,518,1389,496,10,5701,78522,630,177396,15405,79580,198,69538
1415237227.88678,pg_toast,pg_toast_2618,0,0,1630,5288,0,0,0,0,0,0,1252,1591,442,2022,,,,
1415237227.88678,pg_toast,pg_toast_3596,0,0,0,0,0,0,0,0,0,0,0,0,0,0,,,,
1415237227.88678,information_schema,sql_features,0,0,,,0,0,0,0,0,0,0,0,,,0,0,0,0
1415237227.88678,pg_catalog,pg_depend,0,0,17816,19126,3309,0,3224,0,6289,721,2875,22206,4540,46132,,,,
1415237227.88678,pg_toast,pg_toast_11605,0,0,0,0,0,0,0,0,0,0,0,0,0,0,,,,
1415237227.88678,pg_catalog,pg_opclass,184,184,88089,947157,0,0,0,0,0,0,110,338312,427,109034,,,,
1415237227.88678,pg_catalog,pg_proc,0,0,133431,197479,0,0,0,0,0,0,8757,139250,3164,294784,0,0,0,0
1415237227.88678,pg_catalog,pg_trigger,0,0,0,0,0,0,0,0,0,0,0,0,0,0,0,0,0,0
1415237227.88678,information_schema,sql_languages,0,0,,,0,0,0,0,0,0,0,0,,,0,0,0,0
1415237227.88678,pg_catalog,pg_am,15345,15345,0,0,0,0,0,0,0,0,46,15299,0,0,,,,
1415237227.88678,pg_catalog,pg_largeobject_metadata,0,0,0,0,0,0,0,0,0,0,0,0,0,0,,,,
1415237227.88678,pg_catalog,pg_ts_config_map,0,0,0,0,0,0,0,0,0,0,0,0,0,0,,,,
1415237227.88678,pg_catalog,pg_type,0,0,336890,333622,865,0,846,0,349,83,1361,335870,2128,673452,,,,
1415237227.88678,public,partsupp,3,24000000,0,0,8000000,0,0,0,8000000,0,340611,954509,0,0,,,,
1415237227.88678,information_schema,sql_sizing_profiles,0,0,,,0,0,0,0,0,0,0,0,,,0,0,0,0
1415237227.88678,pg_catalog,pg_shdepend,0,0,2310,455,0,0,0,0,0,0,202,253,790,2384,,,,
1415237227.88678,pg_catalog,pg_conversion,0,0,0,0,0,0,0,0,0,0,0,0,0,0,,,,
1415237227.88678,pg_catalog,pg_foreign_data_wrapper,0,0,0,0,0,0,0,0,0,0,0,0,0,0,,,,
1415237227.88678,pg_catalog,pg_opfamily,0,0,0,0,0,0,0,0,0,0,0,0,0,0,,,,
1415237227.88678,pg_catalog,pg_shdescription,0,0,0,0,0,0,0,0,0,0,0,0,0,0,0,0,0,0
1415237227.88678,pg_catalog,pg_tablespace,2,4,10705,10705,0,0,0,0,0,0,65,10642,130,21280,,,,
1415237227.88678,pg_catalog,pg_inherits,0,0,426,0,0,0,0,0,0,0,0,0,204,222,,,,
1415237227.88678,pg_toast,pg_toast_2606,0,0,0,0,0,0,0,0,0,0,0,0,0,0,,,,
1415237227.88678,pg_toast,pg_toast_2964,0,0,0,0,0,0,0,0,0,0,0,0,0,0,,,,
1415237227.88678,pg_catalog,pg_database,1223,4733,53446,53444,1,0,0,0,1,0,14,54654,181,84133,,,,
1415237227.88678,pg_toast,pg_toast_2620,0,0,0,0,0,0,0,0,0,0,0,0,0,0,,,,
1415237227.88678,information_schema,sql_sizing,0,0,,,0,0,0,0,0,0,0,0,,,0,0,0,0
1415237227.88678,pg_catalog,pg_amproc,184,368,64795,96446,0,0,0,0,0,0,156,63298,133,144486,,,,
1415237227.88678,pg_catalog,pg_collation,0,0,0,0,0,0,0,0,0,0,0,0,0,0,,,,
1415237227.88678,pg_catalog,pg_constraint,0,0,104,48,56,0,48,0,10,48,31,294,56,544,0,0,0,0
1415237227.88678,public,time_statistics,0,0,,,1,0,0,0,1,0,1,0,,,,,,
1415237227.88678,pg_catalog,pg_range,0,0,3422,0,0,0,0,0,0,0,0,0,505,6339,,,,
1415237227.88678,pg_toast,pg_toast_11600,0,0,0,0,0,0,0,0,0,0,0,0,0,0,,,,
1415237227.88678,pg_toast,pg_toast_11590,0,0,0,0,0,0,0,0,0,0,0,0,0,0,,,,
1415237227.88678,information_schema,sql_implementation_info,0,0,,,0,0,0,0,0,0,0,0,,,0,0,0,0
1415237227.88678,pg_catalog,pg_user_mapping,0,0,0,0,0,0,0,0,0,0,0,0,0,0,,,,
1415237227.88678,pg_catalog,pg_largeobject,0,0,0,0,0,0,0,0,0,0,0,0,0,0,,,,
1415237227.88678,pg_catalog,pg_namespace,998,16692,74474,59841,18,0,0,0,18,0,78,60807,1103,89985,,,,
1415237227.88678,public,orders,4,60000000,0,0,15000000,0,0,0,15000000,0,504554,1558780,0,0,,,,
1415237227.88678,information_schema,sql_parts,0,0,,,0,0,0,0,0,0,0,0,,,0,0,0,0
1415237227.88678,pg_catalog,pg_authid,451,451,29435,29435,0,0,0,0,0,0,51,29835,210,58660,,,,
1415237227.88678,pg_catalog,pg_index,2255,219854,147033,213142,316,0,290,0,136,0,726,195736,292,170533,,,,
1415237227.88678,pg_catalog,pg_ts_dict,0,0,0,0,0,0,0,0,0,0,0,0,0,0,,,,
1415237227.88678,pg_catalog,pg_class,5533,1201242,387473,360374,752,244,716,232,324,110,1633,407336,595,760499,,,,
1415237227.88678,pg_toast,pg_toast_2396,0,0,0,0,0,0,0,0,0,0,0,0,0,0,,,,
1415237227.88678,pg_catalog,pg_enum,0,0,0,0,0,0,0,0,0,0,0,0,0,0,,,,
1415237227.88678,pg_catalog,pg_db_role_setting,0,0,46338,0,0,0,0,0,0,0,0,0,45,46293,0,0,0,0
1415237227.88678,pg_catalog,pg_seclabel,0,0,1854,0,0,0,0,0,0,0,0,0,176,1678,0,0,0,0
1415237227.88678,pg_toast,pg_toast_2609,0,0,0,0,0,0,0,0,0,0,0,0,0,0,,,,
1415237227.88678,pg_toast,pg_toast_1255,0,0,0,0,0,0,0,0,0,0,0,0,0,0,,,,
1415237227.88678,pg_catalog,pg_rewrite,0,0,4290,3558,244,0,244,0,106,39,2115,3320,887,6425,1252,1591,442,2022
1415237227.88678,pg_catalog,pg_ts_config,0,0,0,0,0,0,0,0,0,0,0,0,0,0,,,,
1415237227.88678,pg_catalog,pg_extension,0,0,0,0,0,0,0,0,0,0,0,0,0,0,,,,
1415237227.88678,pg_catalog,pg_amop,0,0,130436,189657,0,0,0,0,0,0,241,189416,793,277817,,,,
1415237227.88678,pg_catalog,pg_cast,0,0,471290,116770,0,0,0,0,0,0,178,116592,102,485429,,,,
1415237227.88678,public,part,6,12000000,0,0,2000000,0,0,0,2000000,0,79007,327715,0,0,,,,
1415237227.88678,pg_toast,pg_toast_2619,0,0,59552,198483,2161,0,1953,0,222,6,15405,79580,198,69538,,,,
1415237227.88678,pg_toast,pg_toast_11610,0,0,0,0,0,0,0,0,0,0,0,0,0,0,,,,
1415237227.88678,pg_toast,pg_toast_2604,0,0,0,0,0,0,0,0,0,0,0,0,0,0,,,,
1415237287.88996,pg_catalog,pg_auth_members,0,0,0,0,0,0,0,0,0,0,0,0,0,0,,,,
1415237287.88996,pg_catalog,pg_operator,0,0,112646,563714,0,0,0,0,0,0,1289,397425,1130,246111,,,,
1415237287.88996,public,nation,2,50,0,0,25,0,0,0,25,0,1,3,0,0,,,,
1415237287.88996,pg_catalog,pg_aggregate,0,0,7719,7719,0,0,0,0,0,0,193,7526,502,12984,,,,
1415237287.88996,pg_catalog,pg_pltemplate,0,0,0,0,0,0,0,0,0,0,0,0,0,0,,,,
1415237287.88996,public,region,2,10,0,0,5,0,0,0,5,0,1,3,0,0,,,,
1415237287.88996,pg_toast,pg_toast_11615,0,0,0,0,0,0,0,0,0,0,0,0,0,0,,,,
1415237287.88996,public,customer,6,9000000,0,0,1500000,0,0,0,1500000,0,68533,294857,0,0,,,,
1415237287.88996,pg_catalog,pg_description,0,0,1854,0,0,0,0,0,0,0,0,0,556,3578,0,0,0,0
1415237287.88996,pg_catalog,pg_language,0,0,0,0,0,0,0,0,0,0,0,0,0,0,,,,
1415237287.88996,public,lineitem,7,419902364,0,0,59986052,0,0,0,59986052,0,7312463,3519021,0,0,,,,
1415237287.88996,pg_catalog,pg_ts_parser,0,0,0,0,0,0,0,0,0,0,0,0,0,0,,,,
1415237287.88996,pg_catalog,pg_shseclabel,0,0,0,0,0,0,0,0,0,0,0,0,0,0,,,,
1415237287.88996,pg_catalog,pg_foreign_table,0,0,0,0,0,0,0,0,0,0,0,0,0,0,,,,
1415237287.88996,pg_toast,pg_toast_11620,0,0,0,0,0,0,0,0,0,0,0,0,0,0,,,,
1415237287.88996,pg_catalog,pg_attrdef,0,0,0,0,0,0,0,0,0,0,0,0,0,0,0,0,0,0
1415237287.88996,pg_catalog,pg_ts_template,0,0,0,0,0,0,0,0,0,0,0,0,0,0,,,,
1415237287.88996,pg_catalog,pg_foreign_server,0,0,0,0,0,0,0,0,0,0,0,0,0,0,,,,
1415237287.88996,pg_catalog,pg_default_acl,0,0,1744,0,0,0,0,0,0,0,0,0,179,1565,,,,
1415237287.88996,pg_toast,pg_toast_11595,0,0,0,0,0,0,0,0,0,0,0,0,0,0,,,,
1415237287.88996,information_schema,sql_packages,0,0,,,0,0,0,0,0,0,0,0,,,0,0,0,0
1415237287.88996,public,supplier,4,400000,0,0,100000,0,0,0,100000,0,2312,15648,0,0,,,,
1415237287.88996,pg_catalog,pg_attribute,1012,6716,302374,668387,2705,70,2532,56,2420,348,5856,324425,1638,630567,,,,
1415237287.88996,pg_catalog,pg_statistic,0,0,82625,79200,565,1751,518,1389,496,10,5701,78537,630,177437,15405,79582,198,69542
1415237287.88996,pg_toast,pg_toast_2618,0,0,1634,5301,0,0,0,0,0,0,1252,1598,442,2028,,,,
1415237287.88996,pg_toast,pg_toast_3596,0,0,0,0,0,0,0,0,0,0,0,0,0,0,,,,
1415237287.88996,information_schema,sql_features,0,0,,,0,0,0,0,0,0,0,0,,,0,0,0,0
1415237287.88996,pg_catalog,pg_depend,0,0,17816,19126,3309,0,3224,0,6289,721,2875,22206,4540,46132,,,,
1415237287.88996,pg_toast,pg_toast_11605,0,0,0,0,0,0,0,0,0,0,0,0,0,0,,,,
1415237287.88996,pg_catalog,pg_opclass,184,184,88100,947248,0,0,0,0,0,0,110,338339,427,109052,,,,
1415237287.88996,pg_catalog,pg_proc,0,0,133495,197564,0,0,0,0,0,0,8757,139323,3164,294921,0,0,0,0
1415237287.88996,pg_catalog,pg_trigger,0,0,0,0,0,0,0,0,0,0,0,0,0,0,0,0,0,0
1415237287.88996,information_schema,sql_languages,0,0,,,0,0,0,0,0,0,0,0,,,0,0,0,0
1415237287.88996,pg_catalog,pg_am,15350,15350,0,0,0,0,0,0,0,0,46,15304,0,0,,,,
1415237287.88996,pg_catalog,pg_largeobject_metadata,0,0,0,0,0,0,0,0,0,0,0,0,0,0,,,,
1415237287.88996,pg_catalog,pg_ts_config_map,0,0,0,0,0,0,0,0,0,0,0,0,0,0,,,,
1415237287.88996,pg_catalog,pg_type,0,0,336945,333677,865,0,846,0,349,83,1361,335925,2128,673565,,,,
1415237287.88996,public,partsupp,3,24000000,0,0,8000000,0,0,0,8000000,0,340611,954509,0,0,,,,
1415237287.88996,information_schema,sql_sizing_profiles,0,0,,,0,0,0,0,0,0,0,0,,,0,0,0,0
1415237287.88996,pg_catalog,pg_shdepend,0,0,2310,455,0,0,0,0,0,0,202,253,790,2384,,,,
1415237287.88996,pg_catalog,pg_conversion,0,0,0,0,0,0,0,0,0,0,0,0,0,0,,,,
1415237287.88996,pg_catalog,pg_foreign_data_wrapper,0,0,0,0,0,0,0,0,0,0,0,0,0,0,,,,
1415237287.88996,pg_catalog,pg_opfamily,0,0,0,0,0,0,0,0,0,0,0,0,0,0,,,,
1415237287.88996,pg_catalog,pg_shdescription,0,0,0,0,0,0,0,0,0,0,0,0,0,0,0,0,0,0
1415237287.88996,pg_catalog,pg_tablespace,2,4,10708,10708,0,0,0,0,0,0,65,10645,130,21286,,,,
1415237287.88996,pg_catalog,pg_inherits,0,0,426,0,0,0,0,0,0,0,0,0,204,222,,,,
1415237287.88996,pg_toast,pg_toast_2606,0,0,0,0,0,0,0,0,0,0,0,0,0,0,,,,
1415237287.88996,pg_toast,pg_toast_2964,0,0,0,0,0,0,0,0,0,0,0,0,0,0,,,,
1415237287.88996,pg_catalog,pg_database,1226,4745,53466,53464,1,0,0,0,1,0,14,54677,181,84165,,,,
1415237287.88996,pg_toast,pg_toast_2620,0,0,0,0,0,0,0,0,0,0,0,0,0,0,,,,
1415237287.88996,information_schema,sql_sizing,0,0,,,0,0,0,0,0,0,0,0,,,0,0,0,0
1415237287.88996,pg_catalog,pg_amproc,184,368,64805,96463,0,0,0,0,0,0,156,63308,133,144511,,,,
1415237287.88996,pg_catalog,pg_collation,0,0,0,0,0,0,0,0,0,0,0,0,0,0,,,,
1415237287.88996,pg_catalog,pg_constraint,0,0,104,48,56,0,48,0,10,48,31,294,56,544,0,0,0,0
1415237287.88996,public,time_statistics,0,0,,,1,0,0,0,1,0,1,0,,,,,,
1415237287.88996,pg_catalog,pg_range,0,0,3422,0,0,0,0,0,0,0,0,0,505,6339,,,,
1415237287.88996,pg_toast,pg_toast_11600,0,0,0,0,0,0,0,0,0,0,0,0,0,0,,,,
1415237287.88996,pg_toast,pg_toast_11590,0,0,0,0,0,0,0,0,0,0,0,0,0,0,,,,
1415237287.88996,information_schema,sql_implementation_info,0,0,,,0,0,0,0,0,0,0,0,,,0,0,0,0
1415237287.88996,pg_catalog,pg_user_mapping,0,0,0,0,0,0,0,0,0,0,0,0,0,0,,,,
1415237287.88996,pg_catalog,pg_largeobject,0,0,0,0,0,0,0,0,0,0,0,0,0,0,,,,
1415237287.88996,pg_catalog,pg_namespace,1000,16740,74620,59984,18,0,0,0,18,0,78,60952,1103,90136,,,,
1415237287.88996,public,orders,4,60000000,0,0,15000000,0,0,0,15000000,0,504554,1558780,0,0,,,,
1415237287.88996,information_schema,sql_parts,0,0,,,0,0,0,0,0,0,0,0,,,0,0,0,0
1415237287.88996,pg_catalog,pg_authid,451,451,29443,29443,0,0,0,0,0,0,51,29843,210,58676,,,,
1415237287.88996,pg_catalog,pg_index,2259,220398,147060,213176,316,0,290,0,136,0,726,195787,292,170568,,,,
1415237287.88996,pg_catalog,pg_ts_dict,0,0,0,0,0,0,0,0,0,0,0,0,0,0,,,,
1415237287.88996,pg_catalog,pg_class,5543,1203917,387789,360690,752,244,716,232,324,110,1633,407743,595,761140,,,,
1415237287.88996,pg_toast,pg_toast_2396,0,0,0,0,0,0,0,0,0,0,0,0,0,0,,,,
1415237287.88996,pg_catalog,pg_enum,0,0,0,0,0,0,0,0,0,0,0,0,0,0,,,,
1415237287.88996,pg_catalog,pg_db_role_setting,0,0,46356,0,0,0,0,0,0,0,0,0,45,46311,0,0,0,0
1415237287.88996,pg_catalog,pg_seclabel,0,0,1854,0,0,0,0,0,0,0,0,0,176,1678,0,0,0,0
1415237287.88996,pg_toast,pg_toast_2609,0,0,0,0,0,0,0,0,0,0,0,0,0,0,,,,
1415237287.88996,pg_toast,pg_toast_1255,0,0,0,0,0,0,0,0,0,0,0,0,0,0,,,,
1415237287.88996,pg_catalog,pg_rewrite,0,0,4295,3563,244,0,244,0,106,39,2115,3325,887,6433,1252,1598,442,2028
1415237287.88996,pg_catalog,pg_ts_config,0,0,0,0,0,0,0,0,0,0,0,0,0,0,,,,
1415237287.88996,pg_catalog,pg_extension,0,0,0,0,0,0,0,0,0,0,0,0,0,0,,,,
1415237287.88996,pg_catalog,pg_amop,0,0,130453,189678,0,0,0,0,0,0,241,189437,793,277855,,,,
1415237287.88996,pg_catalog,pg_cast,0,0,471323,116787,0,0,0,0,0,0,178,116609,102,485465,,,,
1415237287.88996,public,part,6,12000000,0,0,2000000,0,0,0,2000000,0,79007,327715,0,0,,,,
1415237287.88996,pg_toast,pg_toast_2619,0,0,59554,198487,2161,0,1953,0,222,6,15405,79582,198,69542,,,,
1415237287.88996,pg_toast,pg_toast_11610,0,0,0,0,0,0,0,0,0,0,0,0,0,0,,,,
1415237287.88996,pg_toast,pg_toast_2604,0,0,0,0,0,0,0,0,0,0,0,0,0,0,,,,
1415237347.8933,pg_catalog,pg_auth_members,0,0,0,0,0,0,0,0,0,0,0,0,0,0,,,,
1415237347.8933,pg_catalog,pg_operator,0,0,112665,563733,0,0,0,0,0,0,1289,397444,1130,246159,,,,
1415237347.8933,public,nation,2,50,0,0,25,0,0,0,25,0,1,3,0,0,,,,
1415237347.8933,pg_catalog,pg_aggregate,0,0,7720,7720,0,0,0,0,0,0,193,7527,502,12986,,,,
1415237347.8933,pg_catalog,pg_pltemplate,0,0,0,0,0,0,0,0,0,0,0,0,0,0,,,,
1415237347.8933,public,region,2,10,0,0,5,0,0,0,5,0,1,3,0,0,,,,
1415237347.8933,pg_toast,pg_toast_11615,0,0,0,0,0,0,0,0,0,0,0,0,0,0,,,,
1415237347.8933,public,customer,6,9000000,0,0,1500000,0,0,0,1500000,0,68533,294857,0,0,,,,
1415237347.8933,pg_catalog,pg_description,0,0,1854,0,0,0,0,0,0,0,0,0,556,3578,0,0,0,0
1415237347.8933,pg_catalog,pg_language,0,0,0,0,0,0,0,0,0,0,0,0,0,0,,,,
1415237347.8933,public,lineitem,8,479888416,0,0,59986052,0,0,0,59986052,0,8200584,3696317,0,0,,,,
1415237347.8933,pg_catalog,pg_ts_parser,0,0,0,0,0,0,0,0,0,0,0,0,0,0,,,,
1415237347.8933,pg_catalog,pg_shseclabel,0,0,0,0,0,0,0,0,0,0,0,0,0,0,,,,
1415237347.8933,pg_catalog,pg_foreign_table,0,0,0,0,0,0,0,0,0,0,0,0,0,0,,,,
1415237347.8933,pg_toast,pg_toast_11620,0,0,0,0,0,0,0,0,0,0,0,0,0,0,,,,
1415237347.8933,pg_catalog,pg_attrdef,0,0,0,0,0,0,0,0,0,0,0,0,0,0,0,0,0,0
1415237347.8933,pg_catalog,pg_ts_template,0,0,0,0,0,0,0,0,0,0,0,0,0,0,,,,
1415237347.8933,pg_catalog,pg_foreign_server,0,0,0,0,0,0,0,0,0,0,0,0,0,0,,,,
1415237347.8933,pg_catalog,pg_default_acl,0,0,1744,0,0,0,0,0,0,0,0,0,179,1565,,,,
1415237347.8933,pg_toast,pg_toast_11595,0,0,0,0,0,0,0,0,0,0,0,0,0,0,,,,
1415237347.8933,information_schema,sql_packages,0,0,,,0,0,0,0,0,0,0,0,,,0,0,0,0
1415237347.8933,public,supplier,4,400000,0,0,100000,0,0,0,100000,0,2312,15648,0,0,,,,
1415237347.8933,pg_catalog,pg_attribute,1012,6716,302590,668833,2708,70,2532,56,2423,348,5856,324648,1638,631019,,,,
1415237347.8933,pg_catalog,pg_statistic,0,0,82652,79221,565,1751,518,1389,496,10,5701,78558,630,177497,15405,79586,198,69550
1415237347.8933,pg_toast,pg_toast_2618,0,0,1638,5314,0,0,0,0,0,0,1252,1605,442,2034,,,,
1415237347.8933,pg_toast,pg_toast_3596,0,0,0,0,0,0,0,0,0,0,0,0,0,0,,,,
1415237347.8933,information_schema,sql_features,0,0,,,0,0,0,0,0,0,0,0,,,0,0,0,0
1415237347.8933,pg_catalog,pg_depend,0,0,17822,19132,3312,0,3224,0,6292,721,2875,22218,4540,46158,,,,
1415237347.8933,pg_toast,pg_toast_11605,0,0,0,0,0,0,0,0,0,0,0,0,0,0,,,,
1415237347.8933,pg_catalog,pg_opclass,184,184,88132,947632,0,0,0,0,0,0,110,338457,427,109096,,,,
1415237347.8933,pg_catalog,pg_proc,0,0,133577,197688,0,0,0,0,0,0,8757,139423,3164,295103,0,0,0,0
1415237347.8933,pg_catalog,pg_trigger,0,0,0,0,0,0,0,0,0,0,0,0,0,0,0,0,0,0
1415237347.8933,information_schema,sql_languages,0,0,,,0,0,0,0,0,0,0,0,,,0,0,0,0
1415237347.8933,pg_catalog,pg_am,15358,15358,0,0,0,0,0,0,0,0,46,15312,0,0,,,,
1415237347.8933,pg_catalog,pg_largeobject_metadata,0,0,0,0,0,0,0,0,0,0,0,0,0,0,,,,
1415237347.8933,pg_catalog,pg_ts_config_map,0,0,0,0,0,0,0,0,0,0,0,0,0,0,,,,
1415237347.8933,pg_catalog,pg_type,0,0,337058,333790,865,0,846,0,349,83,1361,336038,2128,673798,,,,
1415237347.8933,public,partsupp,3,24000000,0,0,8000000,0,0,0,8000000,0,340611,954509,0,0,,,,
1415237347.8933,information_schema,sql_sizing_profiles,0,0,,,0,0,0,0,0,0,0,0,,,0,0,0,0
1415237347.8933,pg_catalog,pg_shdepend,0,0,2310,455,0,0,0,0,0,0,202,253,790,2384,,,,
1415237347.8933,pg_catalog,pg_conversion,0,0,0,0,0,0,0,0,0,0,0,0,0,0,,,,
1415237347.8933,pg_catalog,pg_foreign_data_wrapper,0,0,0,0,0,0,0,0,0,0,0,0,0,0,,,,
1415237347.8933,pg_catalog,pg_opfamily,0,0,0,0,0,0,0,0,0,0,0,0,0,0,,,,
1415237347.8933,pg_catalog,pg_shdescription,0,0,0,0,0,0,0,0,0,0,0,0,0,0,0,0,0,0
1415237347.8933,pg_catalog,pg_tablespace,2,4,10714,10714,0,0,0,0,0,0,65,10651,130,21298,,,,
1415237347.8933,pg_catalog,pg_inherits,0,0,426,0,0,0,0,0,0,0,0,0,204,222,,,,
1415237347.8933,pg_toast,pg_toast_2606,0,0,0,0,0,0,0,0,0,0,0,0,0,0,,,,
1415237347.8933,pg_toast,pg_toast_2964,0,0,0,0,0,0,0,0,0,0,0,0,0,0,,,,
1415237347.8933,pg_catalog,pg_database,1229,4757,53498,53496,1,0,0,0,1,0,14,54712,181,84213,,,,
1415237347.8933,pg_toast,pg_toast_2620,0,0,0,0,0,0,0,0,0,0,0,0,0,0,,,,
1415237347.8933,information_schema,sql_sizing,0,0,,,0,0,0,0,0,0,0,0,,,0,0,0,0
1415237347.8933,pg_catalog,pg_amproc,184,368,64829,96500,0,0,0,0,0,0,156,63332,133,144566,,,,
1415237347.8933,pg_catalog,pg_collation,0,0,0,0,0,0,0,0,0,0,0,0,0,0,,,,
1415237347.8933,pg_catalog,pg_constraint,0,0,104,48,56,0,48,0,10,48,31,294,56,544,0,0,0,0
1415237347.8933,public,time_statistics,0,0,,,1,0,0,0,1,0,1,0,,,,,,
1415237347.8933,pg_catalog,pg_range,0,0,3422,0,0,0,0,0,0,0,0,0,505,6339,,,,
1415237347.8933,pg_toast,pg_toast_11600,0,0,0,0,0,0,0,0,0,0,0,0,0,0,,,,
1415237347.8933,pg_toast,pg_toast_11590,0,0,0,0,0,0,0,0,0,0,0,0,0,0,,,,
1415237347.8933,information_schema,sql_implementation_info,0,0,,,0,0,0,0,0,0,0,0,,,0,0,0,0
1415237347.8933,pg_catalog,pg_user_mapping,0,0,0,0,0,0,0,0,0,0,0,0,0,0,,,,
1415237347.8933,pg_catalog,pg_largeobject,0,0,0,0,0,0,0,0,0,0,0,0,0,0,,,,
1415237347.8933,pg_catalog,pg_namespace,1002,16788,74777,60134,18,0,0,0,18,0,78,61104,1103,90302,,,,
1415237347.8933,public,orders,4,60000000,0,0,15000000,0,0,0,15000000,0,504554,1558780,0,0,,,,
1415237347.8933,information_schema,sql_parts,0,0,,,0,0,0,0,0,0,0,0,,,0,0,0,0
1415237347.8933,pg_catalog,pg_authid,452,452,29455,29455,0,0,0,0,0,0,51,29856,210,58700,,,,
1415237347.8933,pg_catalog,pg_index,2263,220942,147106,213237,317,0,290,0,137,0,726,195861,292,170630,,,,
1415237347.8933,pg_catalog,pg_ts_dict,0,0,0,0,0,0,0,0,0,0,0,0,0,0,,,,
1415237347.8933,pg_catalog,pg_class,5555,1207241,388150,361048,753,244,716,232,325,110,1633,408216,595,761881,,,,
1415237347.8933,pg_toast,pg_toast_2396,0,0,0,0,0,0,0,0,0,0,0,0,0,0,,,,
1415237347.8933,pg_catalog,pg_enum,0,0,0,0,0,0,0,0,0,0,0,0,0,0,,,,
1415237347.8933,pg_catalog,pg_db_role_setting,0,0,46380,0,0,0,0,0,0,0,0,0,45,46335,0,0,0,0
1415237347.8933,pg_catalog,pg_seclabel,0,0,1854,0,0,0,0,0,0,0,0,0,176,1678,0,0,0,0
1415237347.8933,pg_toast,pg_toast_2609,0,0,0,0,0,0,0,0,0,0,0,0,0,0,,,,
1415237347.8933,pg_toast,pg_toast_1255,0,0,0,0,0,0,0,0,0,0,0,0,0,0,,,,
1415237347.8933,pg_catalog,pg_rewrite,0,0,4303,3571,244,0,244,0,106,39,2115,3333,887,6447,1252,1605,442,2034
1415237347.8933,pg_catalog,pg_ts_config,0,0,0,0,0,0,0,0,0,0,0,0,0,0,,,,
1415237347.8933,pg_catalog,pg_extension,0,0,0,0,0,0,0,0,0,0,0,0,0,0,,,,
1415237347.8933,pg_catalog,pg_amop,0,0,130496,189731,0,0,0,0,0,0,241,189490,793,277951,,,,
1415237347.8933,pg_catalog,pg_cast,0,0,471445,116828,0,0,0,0,0,0,178,116650,102,485594,,,,
1415237347.8933,public,part,6,12000000,0,0,2000000,0,0,0,2000000,0,79007,327715,0,0,,,,
1415237347.8933,pg_toast,pg_toast_2619,0,0,59558,198495,2161,0,1953,0,222,6,15405,79586,198,69550,,,,
1415237347.8933,pg_toast,pg_toast_11610,0,0,0,0,0,0,0,0,0,0,0,0,0,0,,,,
1415237347.8933,pg_toast,pg_toast_2604,0,0,0,0,0,0,0,0,0,0,0,0,0,0,,,,
